Unnamed: 21,SALEYEAR,SALETYPE,SALECODE,SALEDATE,BOOK,DAY,HIP,HIPNUM,HORSE,CHORSE,RATING,TATTOO,DATEFOAL,YEARFOAL,AGE,COLOR,SEX,GAIT,TYPE,RECORD,ET,ELIG,SIRE,CSIRE,DAM,CDAM,SIREOFDAM,CSIREOFDAM,DAMOFDAM,CDAMOFDAM,DAMTATT,DAMYOF,DDAMTATT,BREDTO,LASTBRED,CONSLNAME,CONSNO,PEMCODE,PURFNAME,PURLNAME,SBCITY,SBSTATE,SBCOUNTRY,PRICE,CURRENCY,URL,NFFM,PRIVATESALE,BREED,UTT,STATUS,TDAM,tSire,tSireofdam,url-ut
,2023,Y,23FTKNOV,2023-11-07,1,1,1,1,No Horse,No Horse,,,2023-04-23,2023,0,B,C,,W,,,KY,BOLT D'ORO,BOLT D'ORO,ICE WOMEN,ICE WOMEN,STREET SENSE,STREET SENSE,,,,0,,,1901-01-01,SCOTT MALLORY AGENT,,,,BROOKSTONE FARM,,,,250000,,,,,T,HTML,,ICE WOMEN,BOLT D'ORO,STREET SENSE,
,2023,Y,23FTKNOV,2023-11-07,1,1,2,2,No Horse,No Horse,,,2023-03-01,2023,0,B,F,,W,,,KY,ENTICED,ENTICED,IMPAZIBLE WOMAN,IMPAZIBLE WOMAN,MISSION IMPAZIBLE,MISSION IMPAZIBLE,,,,0,,,1901-01-01,CLIFTON FARM LLC AGENT,,,,TC STABLES,,,,55000,,,,,T,HTML,,IMPAZIBLE WOMAN,ENTICED,MISSION IMPAZIBLE,
,2023,Y,23FTKNOV,2023-11-07,1,1,3,3,No Horse,No Horse,,,2023-01-29,2023,0,B,C,,W,,,KY,COLLECTED,COLLECTED,INCARNATION,INCARNATION,TEMPLE CITY,TEMPLE CITY,,,,0,,,1901-01-01,VINERY SALES AGENT V,,,,NOT SOLD,,,,30000,,,,,T,HTML,,INCARNATION,COLLECTED,TEMPLE CITY,
,2023,Y,23FTKNOV,2023-11-07,1,1,4,4,No Horse,No Horse,,,2023-03-11,2023,0,B,F,,W,,,FL,GOOD MAGIC,GOOD MAGIC,INDIAN COLORS,INDIAN COLORS,INDIAN CHARLIE,INDIAN CHARLIE,,,,0,,,1901-01-01,ST GEORGE SALES AGENT V,,,,OUT,,,,0,,,,,T,HTML,,INDIAN COLORS,GOOD MAGIC,INDIAN CHARLIE,
,2023,Y,23FTKNOV,2023-11-07,1,1,5,5,No Horse,No Horse,,,2023-04-30,2023,0,B,C,,W,,,KY,TIZ THE LAW,TIZ THE LAW,JANIS'S JOY,JANIS'S JOY,BROKEN VOW,BROKEN VOW,,,,0,,,1901-01-01,FRANKFORT PARK FARM AGENT,,,,NOT SOLD,,,,60000,,,,,T,HTML,,JANIS'S JOY,TIZ THE LAW,BROKEN VOW,
,2023,Y,23FTKNOV,2023-11-07,1,1,6,6,No Horse,No Horse,,,2023-03-02,2023,0,B,F,,W,,,MD,BOLT D'ORO,BOLT D'ORO,JENNEMILY,JENNEMILY,STRONG MANDATE,STRONG MANDATE,,,,0,,,1901-01-01,BLUEGRASS THOROUGHBRED SERVICES INC. AGENT,,,,OUT,,,,0,,,,,T,HTML,,JENNEMILY,BOLT D'ORO,STRONG MANDATE,
,2023,Y,23FTKNOV,2023-11-07,1,1,7,7,No Horse,No Horse,,,2023-03-13,2023,0,DKB,F,,W,,,IN,MIDNIGHT LUTE,MIDNIGHT LUTE,JUST FABULOUS,JUST FABULOUS,INCLUDE,INCLUDE,,,,0,,,1901-01-01,WYNNSTAY SALES AGENT V,,,,NOT SOLD,,,,27000,,,,,T,HTML,,JUST FABULOUS,MIDNIGHT LUTE,INCLUDE,
,2023,Y,23FTKNOV,2023-11-07,1,1,8,8,No Horse,No Horse,,,2023-03-14,2023,0,DKB,C,,W,,,KY,GHOSTZAPPER,GHOSTZAPPER,KATIE'S KEEPSAKE,KATIE'S KEEPSAKE,MEDAGLIA D'ORO,MEDAGLIA D'ORO,,,,0,,,1901-01-01,FOUR STAR SALES AGENT FOR D.C. GOFF,,,,GEORGE SHARP,,,,175000,,https://youtu.be/bC4GsHyOPCQ,,,T,HTML,,KATIE'S KEEPSAKE,GHOSTZAPPER,MEDAGLIA D'ORO,
,2023,Y,23FTKNOV,2023-11-07,1,1,9,9,No Horse,No Horse,,,2023-01-25,2023,0,DKB,C,,W,,,KY,MAXFIELD,MAXFIELD,LA BELLE CAT,LA BELLE CAT,TALE OF THE CAT,TALE OF THE CAT,,,,0,,,1901-01-01,CLIFTON FARM LLC AGENT,,,,GEB BLOODSTOCK,,,,80000,,,,,T,HTML,,LA BELLE CAT,MAXFIELD,TALE OF THE CAT,
,2023,Y,23FTKNOV,2023-11-07,1,1,10,10,No Horse,No Horse,,,2023-03-05,2023,0,CH,F,,W,,,KY,LEXITONIAN,LEXITONIAN,LADY FIFTY TWO,LADY FIFTY TWO,KODIAK KOWBOY,KODIAK KOWBOY,,,,0,,,1901-01-01,WYNNSTAY SALES AGENT,,,,JOHNSON CATTLE CO.,,,,100000,,,,,T,HTML,,LADY FIFTY TWO,LEXITONIAN,KODIAK KOWBOY,
,2023,Y,23FTKNOV,2023-11-07,1,1,11,11,No Horse,No Horse,,,2023-04-03,2023,0,CH,C,,W,,,KY,LIAM'S MAP,LIAM'S MAP,LADY HESTER,LADY HESTER,BERNARDINI,BERNARDINI,,,,0,,,1901-01-01,FRANKFORT PARK FARM AGENT,,,,LOLLY POP STUD,,,,70000,,,,,T,HTML,,LADY HESTER,LIAM'S MAP,BERNARDINI,
,2023,Y,23FTKNOV,2023-11-07,1,1,12,12,No Horse,No Horse,,,2023-02-21,2023,0,CH,F,,W,,,KY,MUNNINGS,MUNNINGS,LASTOFTHSUMMERWINE,LASTOFTHSUMMERWINE,SKY MESA,SKY MESA,,,,0,,,1901-01-01,FOUR STAR SALES AGENT,,,,OLDHAM BLOODSTOCK,,,,125000,,,,,T,HTML,,LASTOFTHSUMMERWINE,MUNNINGS,SKY MESA,
,2023,Y,23FTKNOV,2023-11-07,1,1,13,13,No Horse,No Horse,,,2023-04-07,2023,0,B,F,,W,,,KY,CHARLATAN,CHARLATAN,LATE NIGHT POW WOW,LATE NIGHT POW WOW,FIBER SONDE,FIBER SONDE,,,,0,,,1901-01-01,TAYLOR MADE SALES AGENCY AGENT XXXVII,,,,PB STABLES,,,,250000,,,,,T,HTML,,LATE NIGHT POW WOW,CHARLATAN,FIBER SONDE,
,2023,Y,23FTKNOV,2023-11-07,1,1,14,14,No Horse,No Horse,,,2023-03-18,2023,0,GRR,F,,W,,,KY,PRACTICAL JOKE,PRACTICAL JOKE,LOUDLY,LOUDLY,WAR FRONT,WAR FRONT,,,,0,,,1901-01-01,BLUEWATER SALES LLC AGENT V,,,,NOT SOLD,,,,70000,,,,,T,HTML,,LOUDLY,PRACTICAL JOKE,WAR FRONT,
,2023,Y,23FTKNOV,2023-11-07,1,1,15,15,No Horse,No Horse,,,2023-03-13,2023,0,CH,F,,W,,,KY,TIZ THE LAW,TIZ THE LAW,LUNA ROSA,LUNA ROSA,MALIBU MOON,MALIBU MOON,,,,0,,,1901-01-01,EATON SALES AGENT,,,,NOT SOLD,,,,245000,,https://vimeo.com/879996892,,,T,HTML,,LUNA ROSA,TIZ THE LAW,MALIBU MOON,
,2023,Y,23FTKNOV,2023-11-07,1,1,16,16,No Horse,No Horse,,,2023-04-12,2023,0,CH,F,,W,,,FL,TAPIT,TAPIT,MAE NEVER NO (IRE),MAE NEVER NO (IRE),NO NAY NEVER,NO NAY NEVER,,,,0,,,1901-01-01,GAINESWAY AGENT FOR BRIDLEWOOD FARM,,,,OUT,,,,0,,,,,T,HTML,,MAE NEVER NO (IRE),TAPIT,NO NAY NEVER,
,2023,Y,23FTKNOV,2023-11-07,1,1,17,17,No Horse,No Horse,,,2023-02-18,2023,0,CH,C,,W,,,PA,JUSTIFY,JUSTIFY,MAHKAMA,MAHKAMA,BERNARDINI,BERNARDINI,,,,0,,,1901-01-01,TAYLOR MADE SALES AGENCY AGENT XLIII,,,,C & S THOROUGHBREDS AGENT,,,,150000,,,,,T,HTML,,MAHKAMA,JUSTIFY,BERNARDINI,
,2023,Y,23FTKNOV,2023-11-07,1,1,18,18,No Horse,No Horse,,,2023-03-15,2023,0,B,F,,W,,,KY,MCKINZIE,MCKINZIE,MAJESTIC MISS,MAJESTIC MISS,MAJESTIC WARRIOR,MAJESTIC WARRIOR,,,,0,,,1901-01-01,FORBUSH FARM,,,,ALMERA FARM,,,,80000,,,,,T,HTML,,MAJESTIC MISS,MCKINZIE,MAJESTIC WARRIOR,
,2023,Y,23FTKNOV,2023-11-07,1,1,19,19,No Horse,No Horse,,,2023-02-08,2023,0,DKB,C,,W,,,MD,YAUPON,YAUPON,MAKE AMENDS,MAKE AMENDS,MALIBU MOON,MALIBU MOON,,,,0,,,1901-01-01,BLUEGRASS THOROUGHBRED SERVICES INC. AGENT,,,,OUT,,,,0,,,,,T,HTML,,MAKE AMENDS,YAUPON,MALIBU MOON,
,2023,Y,23FTKNOV,2023-11-07,1,1,20,20,No Horse,No Horse,,,2023-01-28,2023,0,DKB,F,,W,,,KY,YAUPON,YAUPON,MALIBU MISCHIEF,MALIBU MISCHIEF,GOLDENCENTS,GOLDENCENTS,,,,0,,,1901-01-01,PARAMOUNT SALES AGENT I,,,,ENFUEGO STABLES,,,,105000,,,,,T,HTML,,MALIBU MISCHIEF,YAUPON,GOLDENCENTS,
,2023,Y,23FTKNOV,2023-11-07,1,1,21,21,No Horse,No Horse,,,2023-03-16,2023,0,CH,C,,W,,,IN,TIZ THE LAW,TIZ THE LAW,MAMA MARY,MAMA MARY,BODEMEISTER,BODEMEISTER,,,,0,,,1901-01-01,WYNNSTAY SALES AGENT III,,,,C F A,,,,35000,,,,,T,HTML,,MAMA MARY,TIZ THE LAW,BODEMEISTER,
,2023,Y,23FTKNOV,2023-11-07,1,1,22,22,UNRIVALED TIME,UNRIVALED TIME,,,2023-02-07,2023,0,B,C,,W,,,CA,NOT THIS TIME,NOT THIS TIME,MARGOT MACHANCE (GB),MARGOT MACHANCE (GB),CREACHADOIR (IRE),CREACHADOIR (IRE),,,,0,,,1901-01-01,EATON SALES AGENT,,,,OUT,,,,0,,,,,T,HTML,,MARGOT MACHANCE (GB),NOT THIS TIME,CREACHADOIR (IRE),
,2023,Y,23FTKNOV,2023-11-07,1,1,23,23,No Horse,No Horse,,,2023-02-07,2023,0,B,F,,W,,,KY,ARMY MULE,ARMY MULE,MATISI,MATISI,MIDNIGHT LUTE,MIDNIGHT LUTE,,,,0,,,1901-01-01,EATON SALES AGENT,,,,CAVALIER B/S,,,,95000,,,,,T,HTML,,MATISI,ARMY MULE,MIDNIGHT LUTE,
,2023,Y,23FTKNOV,2023-11-07,1,1,24,24,No Horse,No Horse,,,2023-01-26,2023,0,CH,F,,W,,,KY,GOOD MAGIC,GOOD MAGIC,MELANIAS MOON,MELANIAS MOON,MALIBU MOON,MALIBU MOON,,,,0,,,1901-01-01,WYNNSTAY SALES AGENT IV,,,,OUT,,,,0,,,,,T,HTML,,MELANIAS MOON,GOOD MAGIC,MALIBU MOON,
,2023,Y,23FTKNOV,2023-11-07,1,1,25,25,No Horse,No Horse,,,2023-03-23,2023,0,B,C,,W,,,KY,MAXFIELD,MAXFIELD,MEMA,MEMA,UNBRIDLED'S SONG,UNBRIDLED'S SONG,,,,0,,,1901-01-01,TAYLOR MADE SALES AGENCY AGENT XV,,,,TAYLOR MADE FARM,,,,65000,,,,,T,HTML,,MEMA,MAXFIELD,UNBRIDLED'S SONG,
,2023,Y,23FTKNOV,2023-11-07,1,1,26,26,No Horse,No Horse,,,2023-01-19,2023,0,DKB,C,,W,,,FL,GIRVIN,GIRVIN,MIMI'S SHOT,MIMI'S SHOT,TRAPPE SHOT,TRAPPE SHOT,,,,0,,,1901-01-01,STUART MORRIS AGENT III,,,,SWEETGUM FARM,,,,60000,,,,,T,HTML,,MIMI'S SHOT,GIRVIN,TRAPPE SHOT,
,2023,Y,23FTKNOV,2023-11-07,1,1,27,27,No Horse,No Horse,,,2023-03-03,2023,0,DKB,F,,W,,,KY,NOT THIS TIME,NOT THIS TIME,MISS AFFARE D'ORO,MISS AFFARE D'ORO,MEDAGLIA D'ORO,MEDAGLIA D'ORO,,,,0,,,1901-01-01,HIGHGATE SALES AGENT IV,,,,CSWV,,,,150000,,,,,T,HTML,,MISS AFFARE D'ORO,NOT THIS TIME,MEDAGLIA D'ORO,
,2023,Y,23FTKNOV,2023-11-07,1,1,28,28,No Horse,No Horse,,,2023-03-03,2023,0,B,C,,W,,,KY,QUALITY ROAD,QUALITY ROAD,MISS SUNSET,MISS SUNSET,INTO MISCHIEF,INTO MISCHIEF,,,,0,,,1901-01-01,TAYLOR MADE SALES AGENCY AGENT XXXVII,,,,CAVALIER B/S,,,,335000,,,,,T,HTML,,MISS SUNSET,QUALITY ROAD,INTO MISCHIEF,
,2023,Y,23FTKNOV,2023-11-07,1,1,29,29,No Horse,No Horse,,,2023-02-22,2023,0,B,C,,W,,,KY,MACLEAN'S MUSIC,MACLEAN'S MUSIC,MODACIOUS,MODACIOUS,UNCLE MO,UNCLE MO,,,,0,,,1901-01-01,GAINESWAY AGENT VI,,,,ELKDALE FARM,,,,280000,,,,,T,HTML,,MODACIOUS,MACLEAN'S MUSIC,UNCLE MO,
,2023,Y,23FTKNOV,2023-11-07,1,1,30,30,No Horse,No Horse,,,2023-04-08,2023,0,CH,C,,W,,,KY,GOOD MAGIC,GOOD MAGIC,MORNING LIGHT,MORNING LIGHT,UNION RAGS,UNION RAGS,,,,0,,,1901-01-01,DARBY DAN FARM AGENT I,,,,NOT SOLD,,,,95000,,,,,T,HTML,,MORNING LIGHT,GOOD MAGIC,UNION RAGS,
,2023,Y,23FTKNOV,2023-11-07,1,1,31,31,No Horse,No Horse,,,2023-04-21,2023,0,CH,C,,W,,,KY,VOLATILE,VOLATILE,MOVIE SCORE,MOVIE SCORE,MALIBU MOON,MALIBU MOON,,,,0,,,1901-01-01,ELITE AGENT,,,,OUT,,,,0,,,,,T,HTML,,MOVIE SCORE,VOLATILE,MALIBU MOON,
,2023,Y,23FTKNOV,2023-11-07,1,1,32,32,No Horse,No Horse,,,2023-01-14,2023,0,B,C,,W,,,KY,MACLEAN'S MUSIC,MACLEAN'S MUSIC,NAVY LADY,NAVY LADY,STREET SENSE,STREET SENSE,,,,0,,,1901-01-01,SPRUCETON FARM LLC AGENT,,,,BIG BEAR BLOODSTOCK,,,,110000,,,,,T,HTML,,NAVY LADY,MACLEAN'S MUSIC,STREET SENSE,
,2023,Y,23FTKNOV,2023-11-07,1,1,33,33,No Horse,No Horse,,,2023-01-28,2023,0,B,F,,W,,,KY,PRACTICAL JOKE,PRACTICAL JOKE,NEVER GROW OLD,NEVER GROW OLD,SCAT DADDY,SCAT DADDY,,,,0,,,1901-01-01,BALLYSAX BLOODSTOCK AGENT FOR GRANTLEY ACRES,,,,SPRINGHOUSE FARM,,,,245000,,,,,T,HTML,,NEVER GROW OLD,PRACTICAL JOKE,SCAT DADDY,
,2023,Y,23FTKNOV,2023-11-07,1,1,34,34,No Horse,No Horse,,,2023-04-21,2023,0,B,C,,W,,,KY,VIOLENCE,VIOLENCE,NOBLAME,NOBLAME,BLAME,BLAME,,,,0,,,1901-01-01,BUCK POND FARM (DOUGLAS S. ARNOLD) AGENT,,,,OUT,,,,0,,,,,T,HTML,,NOBLAME,VIOLENCE,BLAME,
,2023,Y,23FTKNOV,2023-11-07,1,1,35,35,No Horse,No Horse,,,2023-03-23,2023,0,CH,F,,W,,,PA,JUSTIFY,JUSTIFY,NORTHERN BEAUTY,NORTHERN BEAUTY,MUNNINGS,MUNNINGS,,,,0,,,1901-01-01,WARRENDALE SALES AGENT I,,,,NOT SOLD,,,,200000,,,,,T,HTML,,NORTHERN BEAUTY,JUSTIFY,MUNNINGS,
,2023,Y,23FTKNOV,2023-11-07,1,1,36,36,No Horse,No Horse,,,2023-05-01,2023,0,B,C,,W,,,KY,MODERNIST,MODERNIST,ONE MORE WILD RIDE,ONE MORE WILD RIDE,WILDCAT HEIR,WILDCAT HEIR,,,,0,,,1901-01-01,FRANKFORT PARK FARM AGENT,,,,NOT SOLD,,,,24000,,,,,T,HTML,,ONE MORE WILD RIDE,MODERNIST,WILDCAT HEIR,
,2023,Y,23FTKNOV,2023-11-07,1,1,37,37,No Horse,No Horse,,,2023-02-10,2023,0,B,C,,W,,,KY,VIOLENCE,VIOLENCE,PARISIENNE (BRZ),PARISIENNE (BRZ),FIRST AMERICAN,FIRST AMERICAN,,,,0,,,1901-01-01,STUART MORRIS AGENT FOR HIGHCLERE,,,,WILDRIDGE BLOODSTOCK,,,,75000,,,,,T,HTML,,PARISIENNE (BRZ),VIOLENCE,FIRST AMERICAN,
,2023,Y,23FTKNOV,2023-11-07,1,1,38,38,No Horse,No Horse,,,2023-02-14,2023,0,DKB,C,,W,,,KY,ROCK YOUR WORLD,ROCK YOUR WORLD,POLAR PLUNGE,POLAR PLUNGE,SUCCESSFUL APPEAL,SUCCESSFUL APPEAL,,,,0,,,1901-01-01,VINERY SALES AGENT IV,,,,MACHMER HALL,,,,85000,,,,,T,HTML,,POLAR PLUNGE,ROCK YOUR WORLD,SUCCESSFUL APPEAL,
,2023,Y,23FTKNOV,2023-11-07,1,1,39,39,No Horse,No Horse,,,2023-03-12,2023,0,B,C,,W,,,KY,OMAHA BEACH,OMAHA BEACH,PROMISE OF SPRING,PROMISE OF SPRING,DROSSELMEYER,DROSSELMEYER,,,,0,,,1901-01-01,POPE MCLEAN (CRESTWOOD FARM) AGENT I,,,,NOT SOLD,,,,205000,,,,,T,HTML,,PROMISE OF SPRING,OMAHA BEACH,DROSSELMEYER,
,2023,Y,23FTKNOV,2023-11-07,1,1,40,40,No Horse,No Horse,,,2023-02-09,2023,0,GRR,C,,W,,,KY,TACITUS,TACITUS,QUITE A SECRET,QUITE A SECRET,LIAISON,LIAISON,,,,0,,,1901-01-01,TAYLOR MADE SALES AGENCY AGENT XII,,,,BENTLEY STABLE,,,,35000,,,,,T,HTML,,QUITE A SECRET,TACITUS,LIAISON,
,2023,Y,23FTKNOV,2023-11-07,1,1,41,41,No Horse,No Horse,,,2023-04-07,2023,0,DKB,C,,W,,,KY,MUNNINGS,MUNNINGS,RANDIE'S LEGEND,RANDIE'S LEGEND,BENCHMARK,BENCHMARK,,,,0,,,1901-01-01,BALLYSAX BLOODSTOCK AGENT FOR HNR NOTHHAFT HORSERACING LLC,,,,NOT SOLD,,,,135000,,,,,T,HTML,,RANDIE'S LEGEND,MUNNINGS,BENCHMARK,
,2023,Y,23FTKNOV,2023-11-07,1,1,42,42,No Horse,No Horse,,,2023-04-19,2023,0,B,F,,W,,,KY,MACLEAN'S MUSIC,MACLEAN'S MUSIC,THE WAR DEPARTMENT,THE WAR DEPARTMENT,LOST SOLDIER,LOST SOLDIER,,,,0,,,1901-01-01,VINERY SALES AGENT VI,,,,OUT,,,,0,,,,,T,HTML,,THE WAR DEPARTMENT,MACLEAN'S MUSIC,LOST SOLDIER,
,2023,Y,23FTKNOV,2023-11-07,1,1,43,43,No Horse,No Horse,,,2023-01-29,2023,0,CH,C,,W,,,KY,GOOD MAGIC,GOOD MAGIC,RAYON DE LUNE,RAYON DE LUNE,MALIBU MOON,MALIBU MOON,,,,0,,,1901-01-01,BLUEWATER SALES LLC AGENT IX,,,,NOT SOLD,,,,230000,,,,,T,HTML,,RAYON DE LUNE,GOOD MAGIC,MALIBU MOON,
,2023,Y,23FTKNOV,2023-11-07,1,1,44,44,No Horse,No Horse,,,2023-01-22,2023,0,B,F,,W,,,PA,ARMY MULE,ARMY MULE,SECRET DELIGHT,SECRET DELIGHT,PIONEEROF THE NILE,PIONEEROF THE NILE,,,,0,,,1901-01-01,TAYLOR MADE SALES AGENCY AGENT XLIII,,,,OUT,,,,0,,,,,T,HTML,,SECRET DELIGHT,ARMY MULE,PIONEEROF THE NILE,
,2023,Y,23FTKNOV,2023-11-07,1,1,45,45,No Horse,No Horse,,,2023-03-25,2023,0,GRR,F,,W,,,KY,ESSENTIAL QUALITY,ESSENTIAL QUALITY,SHE CAT,SHE CAT,BLUEGRASS CAT,BLUEGRASS CAT,,,,0,,,1901-01-01,TAYLOR MADE SALES AGENCY AGENT XV,,,,NOT SOLD,,,,140000,,,,,T,HTML,,SHE CAT,ESSENTIAL QUALITY,BLUEGRASS CAT,
,2023,Y,23FTKNOV,2023-11-07,1,1,46,46,No Horse,No Horse,,,2023-03-27,2023,0,B,C,,W,,,KY,MUNNINGS,MUNNINGS,SHOW ME,SHOW ME,LEMON DROP KID,LEMON DROP KID,,,,0,,,1901-01-01,BALLYSAX BLOODSTOCK AGENT VII,,,,GAVIN O CONNORAGENT FOR JOHN STEWART,,,,350000,,,,,T,HTML,,SHOW ME,MUNNINGS,LEMON DROP KID,
,2023,Y,23FTKNOV,2023-11-07,1,1,47,47,No Horse,No Horse,,,2023-02-23,2023,0,B,C,,W,,,KY,KNICKS GO,KNICKS GO,SIEMPRE MI AMOR,SIEMPRE MI AMOR,UNCLE MO,UNCLE MO,,,,0,,,1901-01-01,TAYLOR MADE SALES AGENCY AGENT XXXIV,,,,CASH BLOODSTOCK,,,,220000,,,,,T,HTML,,SIEMPRE MI AMOR,KNICKS GO,UNCLE MO,
,2023,Y,23FTKNOV,2023-11-07,1,1,48,48,No Horse,No Horse,,,2023-02-23,2023,0,B,C,,W,,,KY,INTO MISCHIEF,INTO MISCHIEF,SIPPICAN HARBOR,SIPPICAN HARBOR,ORB,ORB,,,,0,,,1901-01-01,TAYLOR MADE SALES AGENCY AGENT XVIII,,,,NOT SOLD,,,,485000,,,,,T,HTML,,SIPPICAN HARBOR,INTO MISCHIEF,ORB,
,2023,Y,23FTKNOV,2023-11-07,1,1,49,49,No Horse,No Horse,,,2023-04-14,2023,0,B,C,,W,,,KY,AUTHENTIC,AUTHENTIC,SISTER BLUES,SISTER BLUES,PIONEEROF THE NILE,PIONEEROF THE NILE,,,,0,,,1901-01-01,VINERY SALES AGENT V,,,,OUT,,,,0,,,,,T,HTML,,SISTER BLUES,AUTHENTIC,PIONEEROF THE NILE,
,2023,Y,23FTKNOV,2023-11-07,1,1,50,50,No Horse,No Horse,,,2023-03-08,2023,0,DKB,F,,W,,,KY,CANDY RIDE (ARG),CANDY RIDE (ARG),SMOOTH PATH,SMOOTH PATH,SCAT DADDY,SCAT DADDY,,,,0,,,1901-01-01,BALLYSAX BLOODSTOCK AGENT FOR GRANTLEY ACRES,,,,OUT,,,,0,,,,,T,HTML,,SMOOTH PATH,CANDY RIDE (ARG),SCAT DADDY,
,2023,Y,23FTKNOV,2023-11-07,1,1,51,51,No Horse,No Horse,,,2023-03-11,2023,0,DKB,C,,W,,,KY,GUN RUNNER,GUN RUNNER,SNOWY WINTER,SNOWY WINTER,ELUSIVE QUALITY,ELUSIVE QUALITY,,,,0,,,1901-01-01,EATON SALES AGENT,,,,AAA THOROUGHBREDS,,,,470000,,,,,T,HTML,,SNOWY WINTER,GUN RUNNER,ELUSIVE QUALITY,
,2023,Y,23FTKNOV,2023-11-07,1,1,52,52,No Horse,No Horse,,,2023-02-06,2023,0,B,F,,W,,,KY,CHARLATAN,CHARLATAN,SOOT Z,SOOT Z,EMPIRE MAKER,EMPIRE MAKER,,,,0,,,1901-01-01,EATON SALES AGENT,,,,MIKE G RUTHERFORD,,,,220000,,,,,T,HTML,,SOOT Z,CHARLATAN,EMPIRE MAKER,
,2023,Y,23FTKNOV,2023-11-07,1,1,53,53,No Horse,No Horse,,,2023-05-04,2023,0,B,C,,W,,,KY,MAXFIELD,MAXFIELD,SOPHIA'S SONG,SOPHIA'S SONG,BELLAMY ROAD,BELLAMY ROAD,,,,0,,,1901-01-01,TAYLOR MADE SALES AGENCY AGENT XLII,,,,OUT,,,,0,,,,,T,HTML,,SOPHIA'S SONG,MAXFIELD,BELLAMY ROAD,
,2023,Y,23FTKNOV,2023-11-07,1,1,54,54,No Horse,No Horse,,,2023-02-17,2023,0,B,F,,W,,,KY,MUNNINGS,MUNNINGS,SORORITY ROW,SORORITY ROW,THE FACTOR,THE FACTOR,,,,0,,,1901-01-01,BALLYSAX BLOODSTOCK AGENT FOR GRANTLEY ACRES,,,,EL SCOTT,,,,125000,,,,,T,HTML,,SORORITY ROW,MUNNINGS,THE FACTOR,
,2023,Y,23FTKNOV,2023-11-07,1,1,55,55,No Horse,No Horse,,,2023-03-28,2023,0,B,F,,W,,,IA,BLAME,BLAME,SPANKER,SPANKER,CAPE BLANCO (IRE),CAPE BLANCO (IRE),,,,0,,,1901-01-01,WYNNSTAY SALES AGENT I,,,,JACKIE WOMMACK,,,,90000,,,,,T,HTML,,SPANKER,BLAME,CAPE BLANCO (IRE),
,2023,Y,23FTKNOV,2023-11-07,1,1,56,56,No Horse,No Horse,,,2023-02-05,2023,0,B,C,,W,,,KY,YAUPON,YAUPON,SPANXAMILLION,SPANXAMILLION,STREET CRY (IRE),STREET CRY (IRE),,,,0,,,1901-01-01,WYNNSTAY SALES AGENT I,,,,DKW STABLES,,,,110000,,,,,T,HTML,,SPANXAMILLION,YAUPON,STREET CRY (IRE),
,2023,Y,23FTKNOV,2023-11-07,1,1,57,57,No Horse,No Horse,,,2023-02-14,2023,0,B,F,,W,,,KY,MORE THAN READY,MORE THAN READY,STELLA BELLISSIMA (IRE),STELLA BELLISSIMA (IRE),SEA THE STARS (IRE),SEA THE STARS (IRE),,,,0,,,1901-01-01,BALLYSAX BLOODSTOCK AGENT FOR GRANTLEY ACRES,,,,MUIR HUT LLC,,,,285000,,,,,T,HTML,,STELLA BELLISSIMA (IRE),MORE THAN READY,SEA THE STARS (IRE),
,2023,Y,23FTKNOV,2023-11-07,1,1,58,58,No Horse,No Horse,,,2023-03-09,2023,0,CH,C,,W,,,KY,RAGING BULL (FR),RAGING BULL (FR),STELLAR BABY,STELLAR BABY,BRAHMS,BRAHMS,,,,0,,,1901-01-01,GAINESWAY AGENT VII,,,,GOLDEN STAR FARM,,,,100000,,,,,T,HTML,,STELLAR BABY,RAGING BULL (FR),BRAHMS,
,2023,Y,23FTKNOV,2023-11-07,1,1,59,59,No Horse,No Horse,,,2023-02-27,2023,0,B,F,,W,,,KY,UNCLE MO,UNCLE MO,STOPSHOPPINGMARIA,STOPSHOPPINGMARIA,MORE THAN READY,MORE THAN READY,,,,0,,,1901-01-01,HIGHGATE SALES AGENT III,,,,STOCK THOROUGHBREDS,,,,450000,,,,,T,HTML,,STOPSHOPPINGMARIA,UNCLE MO,MORE THAN READY,
,2023,Y,23FTKNOV,2023-11-07,1,1,60,60,No Horse,No Horse,,,2023-02-17,2023,0,B,F,,W,,,OH,JUSTIFY,JUSTIFY,STORM RAVEN,STORM RAVEN,BODEMEISTER,BODEMEISTER,,,,0,,,1901-01-01,BALLYSAX BLOODSTOCK AGENT I,,,,LEGACY RANCH INC,,,,190000,,,,,T,HTML,,STORM RAVEN,JUSTIFY,BODEMEISTER,
,2023,Y,23FTKNOV,2023-11-07,1,1,61,61,No Horse,No Horse,,,2023-02-22,2023,0,CH,C,,W,,,KY,NOT THIS TIME,NOT THIS TIME,STYLISHLY,STYLISHLY,SPEIGHTSTOWN,SPEIGHTSTOWN,,,,0,,,1901-01-01,TAYLOR MADE SALES AGENCY AGENT XXI,,,,CHERRY KNOLL FARM,,,,270000,,,,,T,HTML,,STYLISHLY,NOT THIS TIME,SPEIGHTSTOWN,
,2023,Y,23FTKNOV,2023-11-07,1,1,62,62,No Horse,No Horse,,,2023-02-05,2023,0,CH,F,,W,,,ON,MUNNINGS,MUNNINGS,SUMMER IN SARATOGA,SUMMER IN SARATOGA,HARD SPUN,HARD SPUN,,,,0,,,1901-01-01,ST GEORGE SALES AGENT I,,,,SHADWELL FARM,,,,500000,,https://vimeo.com/879239975?share=copy,,,T,HTML,,SUMMER IN SARATOGA,MUNNINGS,HARD SPUN,
,2023,Y,23FTKNOV,2023-11-07,1,1,63,63,No Horse,No Horse,,,2023-03-13,2023,0,CH,C,,W,,,KY,AMERICAN PHAROAH,AMERICAN PHAROAH,SUNNY SKIES,SUNNY SKIES,ANIMAL KINGDOM,ANIMAL KINGDOM,,,,0,,,1901-01-01,HIGHGATE SALES AGENT I,,,,OUT,,,,0,,,,,T,HTML,,SUNNY SKIES,AMERICAN PHAROAH,ANIMAL KINGDOM,
,2023,Y,23FTKNOV,2023-11-07,1,1,64,64,No Horse,No Horse,,,2023-05-13,2023,0,DKB,F,,W,,,KY,MUNNINGS,MUNNINGS,SWEEPING PADDY,SWEEPING PADDY,PADDY O'PRADO,PADDY O'PRADO,,,,0,,,1901-01-01,DARBY DAN FARM AGENT III,,,,OUT,,,,0,,,,,T,HTML,,SWEEPING PADDY,MUNNINGS,PADDY O'PRADO,
,2023,Y,23FTKNOV,2023-11-07,1,1,65,65,No Horse,No Horse,,,2023-03-18,2023,0,B,C,,W,,,KY,MAXIMUS MISCHIEF,MAXIMUS MISCHIEF,SWEET FORCE,SWEET FORCE,SIDNEY'S CANDY,SIDNEY'S CANDY,,,,0,,,1901-01-01,FRANKFORT PARK FARM AGENT,,,,DKW RACING,,,,45000,,,,,T,HTML,,SWEET FORCE,MAXIMUS MISCHIEF,SIDNEY'S CANDY,
,2023,Y,23FTKNOV,2023-11-07,1,1,66,66,No Horse,No Horse,,,2023-03-30,2023,0,B,C,,W,,,PA,YAUPON,YAUPON,SWEET PROMISES,SWEET PROMISES,BERNARDINI,BERNARDINI,,,,0,,,1901-01-01,WARRENDALE SALES AGENT I,,,,NOT SOLD,,,,70000,,,,,T,HTML,,SWEET PROMISES,YAUPON,BERNARDINI,
,2023,Y,23FTKNOV,2023-11-07,1,1,67,67,No Horse,No Horse,,,2023-04-24,2023,0,B,C,,W,,,KY,JUSTIFY,JUSTIFY,TIMELY,TIMELY,VERRAZANO,VERRAZANO,,,,0,,,1901-01-01,BLANDFORD STUD (PADRAIG CAMPION) AGENT,,,,AAA THOROUGHBREDS,,,,450000,,,,,T,HTML,,TIMELY,JUSTIFY,VERRAZANO,
,2023,Y,23FTKNOV,2023-11-07,1,1,68,68,No Horse,No Horse,,,2023-03-29,2023,0,CH,F,,W,,,FL,CHARLATAN,CHARLATAN,TONALIST'S SHAPE,TONALIST'S SHAPE,TONALIST,TONALIST,,,,0,,,1901-01-01,FRANKFORT PARK FARM AGENT FOR BRIDLEWOOD FARM,,,,NOT SOLD,,,,285000,,,,,T,HTML,,TONALIST'S SHAPE,CHARLATAN,TONALIST,
,2023,Y,23FTKNOV,2023-11-07,1,1,69,69,No Horse,No Horse,,,2023-02-09,2023,0,B,C,,W,,,KY,GUN RUNNER,GUN RUNNER,TRANSPLENDID,TRANSPLENDID,ELUSIVE QUALITY,ELUSIVE QUALITY,,,,0,,,1901-01-01,HILL 'N' DALE AT XALAPA AGENT,,,,OUT,,,,0,,,,,T,HTML,,TRANSPLENDID,GUN RUNNER,ELUSIVE QUALITY,
,2023,Y,23FTKNOV,2023-11-07,1,1,70,70,No Horse,No Horse,,,2023-02-07,2023,0,B,C,,W,,,KY,YAUPON,YAUPON,TWITTERPATED,TWITTERPATED,STORMY ATLANTIC,STORMY ATLANTIC,,,,0,,,1901-01-01,BALLYSAX BLOODSTOCK AGENT III,,,,OUT,,,,0,,,,,T,HTML,,TWITTERPATED,YAUPON,STORMY ATLANTIC,
,2023,Y,23FTKNOV,2023-11-07,1,1,71,71,No Horse,No Horse,,,2023-03-25,2023,0,CH,C,,W,,,KY,GAME WINNER,GAME WINNER,TWO QUARTERS,TWO QUARTERS,MR. JOHN,MR. JOHN,,,,0,,,1901-01-01,ST GEORGE SALES AGENT III,,,,FIRST FINDS,,,,55000,,,,,T,HTML,,TWO QUARTERS,GAME WINNER,MR. JOHN,
,2023,Y,23FTKNOV,2023-11-07,1,1,72,72,No Horse,No Horse,,,2023-02-03,2023,0,DKB,F,,W,,,KY,MITOLE,MITOLE,VIGUI'S HEART,VIGUI'S HEART,QUALITY ROAD,QUALITY ROAD,,,,0,,,1901-01-01,MILL RIDGE SALES AGENT,,,,BROOKSTONE FARM,,,,300000,,https://youtu.be/aJ6VFsy_CI4?si=wH91CNRizsKxTM-d,,,T,HTML,,VIGUI'S HEART,MITOLE,QUALITY ROAD,
,2023,Y,23FTKNOV,2023-11-07,1,1,73,73,No Horse,No Horse,,,2023-05-10,2023,0,B,C,,W,,,KY,PRACTICAL JOKE,PRACTICAL JOKE,WALK CLOSE,WALK CLOSE,TAPIT,TAPIT,,,,0,,,1901-01-01,FOUR STAR SALES AGENT,,,,OUT,,,,0,,,,,T,HTML,,WALK CLOSE,PRACTICAL JOKE,TAPIT,
,2023,Y,23FTKNOV,2023-11-07,1,1,74,74,No Horse,No Horse,,,2023-04-08,2023,0,B,F,,W,,,KY,BEAU LIAM,BEAU LIAM,WARRIOR KAT,WARRIOR KAT,MAJESTIC WARRIOR,MAJESTIC WARRIOR,,,,0,,,1901-01-01,TAYLOR MADE SALES AGENCY AGENT XXXVIII,,,,NOT SOLD,,,,85000,,,,,T,HTML,,WARRIOR KAT,BEAU LIAM,MAJESTIC WARRIOR,
,2023,Y,23FTKNOV,2023-11-07,1,1,75,75,No Horse,No Horse,,,2023-02-08,2023,0,DKB,F,,W,,,KY,UNCLE MO,UNCLE MO,WHIMSICALITY,WHIMSICALITY,ARCH,ARCH,,,,0,,,1901-01-01,HUNTER VALLEY FARM AGENT,,,,OUT,,,,0,,,,,T,HTML,,WHIMSICALITY,UNCLE MO,ARCH,
,2023,Y,23FTKNOV,2023-11-07,1,1,76,76,No Horse,No Horse,,,2023-02-15,2023,0,GRR,C,,W,,,KY,MCKINZIE,MCKINZIE,WICKED MIZZ,WICKED MIZZ,MIZZEN MAST,MIZZEN MAST,,,,0,,,1901-01-01,FORT CHRISTOPHER'S THOROUGHBREDS LLC AGENT,,,,EL SCOTT,,,,60000,,,,,T,HTML,,WICKED MIZZ,MCKINZIE,MIZZEN MAST,
,2023,Y,23FTKNOV,2023-11-07,1,1,78,78,No Horse,No Horse,,,2023-02-26,2023,0,B,C,,W,,,KY,MITOLE,MITOLE,WILD HICKORY,WILD HICKORY,TERRELL,TERRELL,,,,0,,,1901-01-01,TAYLOR MADE SALES AGENCY AGENT XXX,,,,NOT SOLD,,,,45000,,,,,T,HTML,,WILD HICKORY,MITOLE,TERRELL,
,2023,Y,23FTKNOV,2023-11-07,1,1,79,79,No Horse,No Horse,,,2023-02-24,2023,0,DKB,C,,W,,,KY,MITOLE,MITOLE,WITHYOURPERMISSION,WITHYOURPERMISSION,TAKE CHARGE INDY,TAKE CHARGE INDY,,,,0,,,1901-01-01,VINERY SALES AGENT VI,,,,CHARLIE ALLEN AGENT,,,,45000,,,,,T,HTML,,WITHYOURPERMISSION,MITOLE,TAKE CHARGE INDY,
,2023,Y,23FTKNOV,2023-11-07,1,1,80,80,No Horse,No Horse,,,2023-03-20,2023,0,CH,C,,W,,,TX,MIDSHIPMAN,MIDSHIPMAN,WIZARDRY,WIZARDRY,TEUFLESBERG,TEUFLESBERG,,,,0,,,1901-01-01,BALLYSAX BLOODSTOCK AGENT FOR ERIC & RANDI MOREAU-SIPIERE,,,,NOT SOLD,,,,45000,,,,,T,HTML,,WIZARDRY,MIDSHIPMAN,TEUFLESBERG,
,2023,Y,23FTKNOV,2023-11-07,1,1,81,81,No Horse,No Horse,,,2023-02-14,2023,0,B,F,,W,,,IA,KNICKS GO,KNICKS GO,ADARI,ADARI,GRAYDAR,GRAYDAR,,,,0,,,1901-01-01,WYNNSTAY SALES AGENT I,,,,FORM INVESTMENTS,,,,140000,,,,,T,HTML,,ADARI,KNICKS GO,GRAYDAR,
,2023,Y,23FTKNOV,2023-11-07,1,1,82,82,No Horse,No Horse,,,2023-04-06,2023,0,B,C,,W,,,KY,VEKOMA,VEKOMA,AERO RIDE,AERO RIDE,KANTHAROS,KANTHAROS,,,,0,,,1901-01-01,TAYLOR MADE SALES AGENCY AGENT XXV,,,,AG BLOODSTOCK,,,,50000,,,,,T,HTML,,AERO RIDE,VEKOMA,KANTHAROS,
,2023,Y,23FTKNOV,2023-11-07,1,1,83,83,No Horse,No Horse,,,2023-03-06,2023,0,B,F,,W,,,KY,THOUSAND WORDS,THOUSAND WORDS,ALGOWILD,ALGOWILD,ALGORITHMS,ALGORITHMS,,,,0,,,1901-01-01,BUCKLAND SALES (ZACH MADDEN) AGENT II,,,,NOT SOLD,,,,10000,,,,,T,HTML,,ALGOWILD,THOUSAND WORDS,ALGORITHMS,
,2023,Y,23FTKNOV,2023-11-07,1,1,84,84,No Horse,No Horse,,,2023-02-25,2023,0,CH,F,,W,,,KY,VIOLENCE,VIOLENCE,ALLHAPPYANDBRIGHT,ALLHAPPYANDBRIGHT,ALTERNATION,ALTERNATION,,,,0,,,1901-01-01,BALLYSAX BLOODSTOCK AGENT FOR GRANTLEY ACRES,,,,OUT,,,,0,,,,,T,HTML,,ALLHAPPYANDBRIGHT,VIOLENCE,ALTERNATION,
,2023,Y,23FTKNOV,2023-11-07,1,1,85,85,No Horse,No Horse,,,2023-04-15,2023,0,B,F,,W,,,KY,BOLT D'ORO,BOLT D'ORO,AMERICAN SUGAR,AMERICAN SUGAR,HARLAN'S HOLIDAY,HARLAN'S HOLIDAY,,,,0,,,1901-01-01,WYNNSTAY SALES AGENT I,,,,OUT,,,,0,,,,,T,HTML,,AMERICAN SUGAR,BOLT D'ORO,HARLAN'S HOLIDAY,
,2023,Y,23FTKNOV,2023-11-07,1,1,86,86,No Horse,No Horse,,,2023-03-21,2023,0,DKB,F,,W,,,KY,DIALED IN,DIALED IN,AMERICA'S BLOSSOM,AMERICA'S BLOSSOM,QUIET AMERICAN,QUIET AMERICAN,,,,0,,,1901-01-01,VINERY SALES AGENT I,,,,DOUBLE BRIDGE,,,,77000,,,,,T,HTML,,AMERICA'S BLOSSOM,DIALED IN,QUIET AMERICAN,
,2023,Y,23FTKNOV,2023-11-07,1,1,87,87,No Horse,No Horse,,,2023-03-16,2023,0,CH,F,,W,,,KY,MUNNINGS,MUNNINGS,APPLAUDING,APPLAUDING,CONGRATS,CONGRATS,,,,0,,,1901-01-01,HUNTER VALLEY FARM AGENT,,,,GAVIN O CONNOR AGENT FOR JOHN STEWART,,,,200000,,,,,T,HTML,,APPLAUDING,MUNNINGS,CONGRATS,
,2023,Y,23FTKNOV,2023-11-07,1,1,88,88,No Horse,No Horse,,,2023-02-03,2023,0,DKB,F,,W,,,KY,HARD SPUN,HARD SPUN,ASSATEAGUE,ASSATEAGUE,STORMY ATLANTIC,STORMY ATLANTIC,,,,0,,,1901-01-01,ELITE AGENT,,,,OUT,,,,0,,,,,T,HTML,,ASSATEAGUE,HARD SPUN,STORMY ATLANTIC,
,2023,Y,23FTKNOV,2023-11-07,1,1,89,89,No Horse,No Horse,,,2023-03-29,2023,0,CH,C,,W,,,KY,VIOLENCE,VIOLENCE,A TASTE OF RED,A TASTE OF RED,STREET BOSS,STREET BOSS,,,,0,,,1901-01-01,BALLYSAX BLOODSTOCK AGENT V,,,,BIG BEAR BLOODSTOCK,,,,82000,,,,,T,HTML,,A TASTE OF RED,VIOLENCE,STREET BOSS,
,2023,Y,23FTKNOV,2023-11-07,1,1,90,90,No Horse,No Horse,,,2023-03-28,2023,0,B,F,,W,,,OH,MAXIMUS MISCHIEF,MAXIMUS MISCHIEF,ATLANTIC ZIP,ATLANTIC ZIP,STORMY ATLANTIC,STORMY ATLANTIC,,,,0,,,1901-01-01,DANIEL & PATRICIA YATES,,,,AMERICA'S THOROUGHBRED INV,,,,40000,,,,,T,HTML,,ATLANTIC ZIP,MAXIMUS MISCHIEF,STORMY ATLANTIC,
,2023,Y,23FTKNOV,2023-11-07,1,1,91,91,No Horse,No Horse,,,2023-02-25,2023,0,DKB,C,,W,,,PA,INDEPENDENCE HALL,INDEPENDENCE HALL,AT THE TRACK,AT THE TRACK,CONNECT,CONNECT,,,,0,,,1901-01-01,TAYLOR MADE SALES AGENCY AGENT XLIII,,,,NOT SOLD,,,,27000,,,,,T,HTML,,AT THE TRACK,INDEPENDENCE HALL,CONNECT,
,2023,Y,23FTKNOV,2023-11-07,1,1,92,92,No Horse,No Horse,,,2023-02-24,2023,0,B,C,,W,,,KY,GOOD MAGIC,GOOD MAGIC,AUNTIE MARTHA,AUNTIE MARTHA,WAR PASS,WAR PASS,,,,0,,,1901-01-01,BALLYSAX BLOODSTOCK AGENT VI,,,,T C STABLES,,,,140000,,,,,T,HTML,,AUNTIE MARTHA,GOOD MAGIC,WAR PASS,
,2023,Y,23FTKNOV,2023-11-07,1,1,93,93,No Horse,No Horse,,,2023-02-18,2023,0,B,F,,W,,,NY,AUTHENTIC,AUTHENTIC,AUSPICIOUS,AUSPICIOUS,INDIAN CHARLIE,INDIAN CHARLIE,,,,0,,,1901-01-01,THE NEW HILL FARM AGENT,,,,ERLANDSON LLC,,,,100000,,,,,T,HTML,,AUSPICIOUS,AUTHENTIC,INDIAN CHARLIE,
,2023,Y,23FTKNOV,2023-11-07,1,1,94,94,No Horse,No Horse,,,2023-04-22,2023,0,DKB,C,,W,,,KY,OMAHA BEACH,OMAHA BEACH,AUTUMN WEDDING,AUTUMN WEDDING,RUNAWAY GROOM,RUNAWAY GROOM,,,,0,,,1901-01-01,EATON SALES AGENT,,,,RATHBRAN BLOODSTOCK,,,,125000,,,,,T,HTML,,AUTUMN WEDDING,OMAHA BEACH,RUNAWAY GROOM,
,2023,Y,23FTKNOV,2023-11-07,1,1,95,95,No Horse,No Horse,,,2023-03-14,2023,0,CH,F,,W,,,KY,GUN RUNNER,GUN RUNNER,BAFFLING,BAFFLING,GRAYDAR,GRAYDAR,,,,0,,,1901-01-01,ELITE AGENT,,,,QUINNS RIDE LLC,,,,410000,,,,,T,HTML,,BAFFLING,GUN RUNNER,GRAYDAR,
,2023,Y,23FTKNOV,2023-11-07,1,1,96,96,No Horse,No Horse,,,2023-01-29,2023,0,DKB,C,,W,,,KY,NOT THIS TIME,NOT THIS TIME,BEAUTY PARLOR,BEAUTY PARLOR,ELUSIVE QUALITY,ELUSIVE QUALITY,,,,0,,,1901-01-01,HUNTER VALLEY FARM AGENT,,,,OUT,,,,0,,,,,T,HTML,,BEAUTY PARLOR,NOT THIS TIME,ELUSIVE QUALITY,
,2023,Y,23FTKNOV,2023-11-07,1,1,97,97,No Horse,No Horse,,,2023-04-15,2023,0,B,C,,W,,,KY,NOT THIS TIME,NOT THIS TIME,BELIEVE IN CHARLIE,BELIEVE IN CHARLIE,INDIAN CHARLIE,INDIAN CHARLIE,,,,0,,,1901-01-01,TAYLOR MADE SALES AGENCY AGENT XXVI,,,,BROOKSTONE FARM,,,,240000,,,,,T,HTML,,BELIEVE IN CHARLIE,NOT THIS TIME,INDIAN CHARLIE,
,2023,Y,23FTKNOV,2023-11-07,1,1,98,98,No Horse,No Horse,,,2023-03-24,2023,0,B,C,,W,,,KY,ESSENTIAL QUALITY,ESSENTIAL QUALITY,BLOOMING,BLOOMING,GRAYDAR,GRAYDAR,,,,0,,,1901-01-01,TAYLOR MADE SALES AGENCY AGENT XXII,,,,OUT,,,,0,,,,,T,HTML,,BLOOMING,ESSENTIAL QUALITY,GRAYDAR,
,2023,Y,23FTKNOV,2023-11-07,1,1,99,99,No Horse,No Horse,,,2023-03-13,2023,0,B,C,,W,,,FL,ESSENTIAL QUALITY,ESSENTIAL QUALITY,BRIDLEWOOD CAT,BRIDLEWOOD CAT,STREET SENSE,STREET SENSE,,,,0,,,1901-01-01,DENALI STUD AGENT FOR BRIDLEWOOD FARM,,,,OUT,,,,0,,,,,T,HTML,,BRIDLEWOOD CAT,ESSENTIAL QUALITY,STREET SENSE,
,2023,Y,23FTKNOV,2023-11-07,1,1,100,100,No Horse,No Horse,,,2023-02-12,2023,0,GRR,F,,W,,,KY,TACITUS,TACITUS,BURBAN,BURBAN,SPEIGHTSTOWN,SPEIGHTSTOWN,,,,0,,,1901-01-01,VINERY SALES AGENT III,,,,OUT,,,,0,,,,,T,HTML,,BURBAN,TACITUS,SPEIGHTSTOWN,
,2023,Y,23FTKNOV,2023-11-07,1,1,101,101,No Horse,No Horse,,,2023-02-05,2023,0,CH,C,,W,,,KY,RAGING BULL (FR),RAGING BULL (FR),CAJOON,CAJOON,FROSTED,FROSTED,,,,0,,,1901-01-01,EATON SALES AGENT,,,,IMDAD KAHN,,,,40000,,,,,T,HTML,,CAJOON,RAGING BULL (FR),FROSTED,
,2023,Y,23FTKNOV,2023-11-07,1,1,102,102,No Horse,No Horse,,,2023-02-13,2023,0,DKB,F,,W,,,KY,QUALITY ROAD,QUALITY ROAD,CAKE BABY,CAKE BABY,STORMY ATLANTIC,STORMY ATLANTIC,,,,0,,,1901-01-01,PARAMOUNT SALES AGENT IV,,,,HOLLY HILLS FARM,,,,290000,,,,,T,HTML,,CAKE BABY,QUALITY ROAD,STORMY ATLANTIC,
,2023,Y,23FTKNOV,2023-11-07,1,1,104,104,No Horse,No Horse,,,2023-02-10,2023,0,DKB,C,,W,,,IN,TACITUS,TACITUS,CARAGH QUEEN,CARAGH QUEEN,HARD SPUN,HARD SPUN,,,,0,,,1901-01-01,SPARKS VIEW FARM LLC,,,,KNOT NORMAL,,,,22000,,,,,T,HTML,,CARAGH QUEEN,TACITUS,HARD SPUN,
,2023,Y,23FTKNOV,2023-11-07,1,1,105,105,No Horse,No Horse,,,2023-03-09,2023,0,B,C,,W,,,KY,CONSTITUTION,CONSTITUTION,CASHMERE,CASHMERE,COWBOY CAL,COWBOY CAL,,,,0,,,1901-01-01,WARRENDALE SALES AGENT II,,,,JOSEPH DIRICO,,,,275000,,,,,T,HTML,,CASHMERE,CONSTITUTION,COWBOY CAL,
,2023,Y,23FTKNOV,2023-11-07,1,1,106,106,No Horse,No Horse,,,2023-03-02,2023,0,CH,F,,W,,,KY,NOT THIS TIME,NOT THIS TIME,CHARGE IT PLEASE,CHARGE IT PLEASE,WILL TAKE CHARGE,WILL TAKE CHARGE,,,,0,,,1901-01-01,TAYLOR MADE SALES AGENCY AGENT XVIII,,,,WEST BLOODSTOCK AGENT FOR REPOLE STABLE,,,,200000,,,,,T,HTML,,CHARGE IT PLEASE,NOT THIS TIME,WILL TAKE CHARGE,
,2023,Y,23FTKNOV,2023-11-07,1,1,107,107,No Horse,No Horse,,,2023-02-23,2023,0,B,C,,W,,,KY,UNCLE MO,UNCLE MO,CHATTERTOWN,CHATTERTOWN,SPEIGHTSTOWN,SPEIGHTSTOWN,,,,0,,,1901-01-01,PARAMOUNT SALES AGENT VII,,,,LATINOS IMAS,,,,200000,,,,,T,HTML,,CHATTERTOWN,UNCLE MO,SPEIGHTSTOWN,
,2023,Y,23FTKNOV,2023-11-07,1,1,108,108,No Horse,No Horse,,,2023-01-28,2023,0,B,C,,W,,,KY,BOLT D'ORO,BOLT D'ORO,CHELSEA BALLAD,CHELSEA BALLAD,STREET CRY (IRE),STREET CRY (IRE),,,,0,,,1901-01-01,SPARKS VIEW FARM LLC,,,,FIRST FINDS,,,,35000,,,,,T,HTML,,CHELSEA BALLAD,BOLT D'ORO,STREET CRY (IRE),
,2023,Y,23FTKNOV,2023-11-07,1,1,109,109,No Horse,No Horse,,,2023-02-06,2023,0,DKB,F,,W,,,KY,GUN RUNNER,GUN RUNNER,CLASSOFSIXTYTHREE,CLASSOFSIXTYTHREE,INCLUDE,INCLUDE,,,,0,,,1901-01-01,TAYLOR MADE SALES AGENCY AGENT XVIII,,,,SHADWELL FARM,,,,400000,,https://youtu.be/ra7iswZ2wPo,,,T,HTML,,CLASSOFSIXTYTHREE,GUN RUNNER,INCLUDE,
,2023,Y,23FTKNOV,2023-11-07,1,1,110,110,No Horse,No Horse,,,2023-03-10,2023,0,B,C,,W,,,KY,MCKINZIE,MCKINZIE,COUNT ON CAROLINE,COUNT ON CAROLINE,SKY MESA,SKY MESA,,,,0,,,1901-01-01,PARAMOUNT SALES AGENT I,,,,NOT SOLD,,,,80000,,,,,T,HTML,,COUNT ON CAROLINE,MCKINZIE,SKY MESA,
,2023,Y,23FTKNOV,2023-11-07,1,1,111,111,No Horse,No Horse,,,2023-02-19,2023,0,CH,F,,W,,,KY,AUTHENTIC,AUTHENTIC,CROWN AND SUGAR,CROWN AND SUGAR,CROWN OF THORNS,CROWN OF THORNS,,,,0,,,1901-01-01,TAYLOR MADE SALES AGENCY AGENT XXV,,,,NOT SOLD,,,,180000,,,,,T,HTML,,CROWN AND SUGAR,AUTHENTIC,CROWN OF THORNS,
,2023,Y,23FTKNOV,2023-11-07,1,1,112,112,No Horse,No Horse,,,2023-05-08,2023,0,GRR,C,,W,,,KY,MORE THAN READY,MORE THAN READY,CYCLE (GB),CYCLE (GB),DANSILI (GB),DANSILI (GB),,,,0,,,1901-01-01,BALLYSAX BLOODSTOCK AGENT II,,,,NOT SOLD,,,,72000,,,,,T,HTML,,CYCLE (GB),MORE THAN READY,DANSILI (GB),
,2023,Y,23FTKNOV,2023-11-07,1,1,113,113,No Horse,No Horse,,,2023-02-12,2023,0,CH,C,,W,,,KY,THOUSAND WORDS,THOUSAND WORDS,DADDY'S DREAMGIRL,DADDY'S DREAMGIRL,SCAT DADDY,SCAT DADDY,,,,0,,,1901-01-01,ELISE W. KENDALL AGENT,,,,NOT SOLD,,,,27000,,,,,T,HTML,,DADDY'S DREAMGIRL,THOUSAND WORDS,SCAT DADDY,
,2023,Y,23FTKNOV,2023-11-07,1,1,114,114,No Horse,No Horse,,,2023-02-26,2023,0,GRR,C,,W,,,NY,CARAVAGGIO,CARAVAGGIO,DAKOTA KID,DAKOTA KID,LEMON DROP KID,LEMON DROP KID,,,,0,,,1901-01-01,THE NEW HILL FARM AGENT,,,,OUT,,,,0,,,,,T,HTML,,DAKOTA KID,CARAVAGGIO,LEMON DROP KID,
,2023,Y,23FTKNOV,2023-11-07,1,1,115,115,No Horse,No Horse,,,2023-01-21,2023,0,DKB,C,,W,,,NY,GAME WINNER,GAME WINNER,D'FASHION,D'FASHION,D'WILDCAT,D'WILDCAT,,,,0,,,1901-01-01,STUART MORRIS AGENT FOR WALDORF FARM,,,,BIG BEAR BLOODSTOCK,,,,180000,,,,,T,HTML,,D'FASHION,GAME WINNER,D'WILDCAT,
,2023,Y,23FTKNOV,2023-11-07,1,1,116,116,No Horse,No Horse,,,2023-01-21,2023,0,GRR,C,,W,,,KY,ESSENTIAL QUALITY,ESSENTIAL QUALITY,DOUBLE JACKPOT,DOUBLE JACKPOT,BROKEN VOW,BROKEN VOW,,,,0,,,1901-01-01,CARA BLOODSTOCK (BERNARD MCCORMACK) AGENT I,,,,RDO/MRJ BLOODSTOCK,,,,230000,,,,,T,HTML,,DOUBLE JACKPOT,ESSENTIAL QUALITY,BROKEN VOW,
,2023,Y,23FTKNOV,2023-11-07,1,1,117,117,No Horse,No Horse,,,2023-04-11,2023,0,DKB,F,,W,,,NY,YAUPON,YAUPON,DRAFT,DRAFT,DIALED IN,DIALED IN,,,,0,,,1901-01-01,STUART MORRIS AGENT FOR WALDORF FARM,,,,TIMOTHY WICKES,,,,115000,,,,,T,HTML,,DRAFT,YAUPON,DIALED IN,
,2023,Y,23FTKNOV,2023-11-07,1,1,118,118,No Horse,No Horse,,,2023-02-20,2023,0,B,C,,W,,,TX,YAUPON,YAUPON,EARTH'S MOON,EARTH'S MOON,MALIBU MOON,MALIBU MOON,,,,0,,,1901-01-01,BALLYSAX BLOODSTOCK AGENT FOR ERIC & RANDI MOREAU-SIPIERE,,,,OUT,,,,0,,,,,T,HTML,,EARTH'S MOON,YAUPON,MALIBU MOON,
,2023,Y,23FTKNOV,2023-11-07,1,1,119,119,No Horse,No Horse,,,2023-02-01,2023,0,B,F,,W,,,KY,CHARLATAN,CHARLATAN,ENCHANTING LADY,ENCHANTING LADY,TALE OF THE CAT,TALE OF THE CAT,,,,0,,,1901-01-01,DENALI STUD AGENT II,,,,WHS STABLES LLC,,,,310000,,,,,T,HTML,,ENCHANTING LADY,CHARLATAN,TALE OF THE CAT,
,2023,Y,23FTKNOV,2023-11-07,1,1,120,120,No Horse,No Horse,,,2023-01-11,2023,0,B,C,,W,,,KY,JUSTIFY,JUSTIFY,ENVIED,ENVIED,AMERICAN PHAROAH,AMERICAN PHAROAH,,,,0,,,1901-01-01,BALLYSAX BLOODSTOCK AGENT FOR HNR NOTHHAFT HORSERACING LLC,,,,NOT SOLD,,,,145000,,,,,T,HTML,,ENVIED,JUSTIFY,AMERICAN PHAROAH,
,2023,Y,23FTKNOV,2023-11-07,1,1,121,121,No Horse,No Horse,,,2023-02-27,2023,0,B,C,,W,,,KY,KNICKS GO,KNICKS GO,FAIRWAY ROAD,FAIRWAY ROAD,CUVEE,CUVEE,,,,0,,,1901-01-01,THE NEW HILL FARM,,,,CSWV,,,,150000,,,,,T,HTML,,FAIRWAY ROAD,KNICKS GO,CUVEE,
,2023,Y,23FTKNOV,2023-11-07,1,1,122,122,No Horse,No Horse,,,2023-04-05,2023,0,B,F,,W,,,KY,CORE BELIEFS,CORE BELIEFS,FANTASTIC SCORE,FANTASTIC SCORE,EVEN THE SCORE,EVEN THE SCORE,,,,0,,,1901-01-01,FORBUSH FARM,,,,OUT,,,,0,,,,,T,HTML,,FANTASTIC SCORE,CORE BELIEFS,EVEN THE SCORE,
,2023,Y,23FTKNOV,2023-11-07,1,1,123,123,No Horse,No Horse,,,2023-05-09,2023,0,CH,F,,W,,,KY,DAREDEVIL,DAREDEVIL,FOREVER VOW,FOREVER VOW,BROKEN VOW,BROKEN VOW,,,,0,,,1901-01-01,FRANKFORT PARK FARM AGENT,,,,OUT,,,,0,,,,,T,HTML,,FOREVER VOW,DAREDEVIL,BROKEN VOW,
,2023,Y,23FTKNOV,2023-11-07,1,1,124,124,No Horse,No Horse,,,2023-02-05,2023,0,B,C,,W,,,KY,UNCLE MO,UNCLE MO,GAELIC TALES,GAELIC TALES,GIANT'S CAUSEWAY,GIANT'S CAUSEWAY,,,,0,,,1901-01-01,EATON SALES AGENT,,,,LATINO IMAS,,,,225000,,,,,T,HTML,,GAELIC TALES,UNCLE MO,GIANT'S CAUSEWAY,
,2023,Y,23FTKNOV,2023-11-07,1,1,125,125,No Horse,No Horse,,,2023-03-28,2023,0,B,C,,W,,,KY,MITOLE,MITOLE,GIBBY,GIBBY,TIZWAY,TIZWAY,,,,0,,,1901-01-01,WYNNSTAY SALES AGENT II,,,,OUT,,,,0,,,,,T,HTML,,GIBBY,MITOLE,TIZWAY,
,2023,Y,23FTKNOV,2023-11-07,1,1,126,126,No Horse,No Horse,,,2023-02-25,2023,0,GRR,F,,W,,,KY,CARAVAGGIO,CARAVAGGIO,GIFT OF GLORY,GIFT OF GLORY,LOOKIN AT LUCKY,LOOKIN AT LUCKY,,,,0,,,1901-01-01,BALLYSAX BLOODSTOCK AGENT V,,,,NOT SOLD,,,,14000,,,,,T,HTML,,GIFT OF GLORY,CARAVAGGIO,LOOKIN AT LUCKY,
,2023,Y,23FTKNOV,2023-11-07,1,1,127,127,No Horse,No Horse,,,2023-05-14,2023,0,,C,,W,,,KY,YAUPON,YAUPON,GO CUBS GO,GO CUBS GO,PADDY O'PRADO,PADDY O'PRADO,,,,0,,,1901-01-01,BALLYSAX BLOODSTOCK AGENT FOR GRANTLEY ACRES,,,,OUT,,,,0,,,,,T,HTML,,GO CUBS GO,YAUPON,PADDY O'PRADO,
,2023,Y,23FTKNOV,2023-11-07,1,1,128,128,No Horse,No Horse,,,2023-02-07,2023,0,CH,F,,W,,,KY,CHARLATAN,CHARLATAN,GOLD D'ORO,GOLD D'ORO,MEDAGLIA D'ORO,MEDAGLIA D'ORO,,,,0,,,1901-01-01,TAYLOR MADE SALES AGENCY AGENT XVII,,,,DREAM WITH ME STABLES INC,,,,150000,,,,,T,HTML,,GOLD D'ORO,CHARLATAN,MEDAGLIA D'ORO,
,2023,Y,23FTKNOV,2023-11-07,1,1,129,129,No Horse,No Horse,,,2023-04-18,2023,0,UNK,C,,W,,,PA,VEKOMA,VEKOMA,GRAYBROOKE,GRAYBROOKE,GRAYDAR,GRAYDAR,,,,0,,,1901-01-01,DARBY DAN FARM AGENT II,,,,OUT,,,,0,,,,,T,HTML,,GRAYBROOKE,VEKOMA,GRAYDAR,
,2023,Y,23FTKNOV,2023-11-07,1,1,130,130,No Horse,No Horse,,,2023-02-20,2023,0,B,C,,W,,,KY,PRACTICAL JOKE,PRACTICAL JOKE,HALLJOY (IRE),HALLJOY (IRE),HALLING,HALLING,,,,0,,,1901-01-01,BALLYSAX BLOODSTOCK AGENT FOR HNR NOTHHAFT HORSERACING LLC,,,,NOT SOLD,,,,62000,,,,,T,HTML,,HALLJOY (IRE),PRACTICAL JOKE,HALLING,
,2023,Y,23FTKNOV,2023-11-07,1,1,131,131,No Horse,No Horse,,,2023-04-09,2023,0,B,F,,W,,,KY,NYQUIST,NYQUIST,HEAVENLY SCAT,HEAVENLY SCAT,SCAT DADDY,SCAT DADDY,,,,0,,,1901-01-01,TAYLOR MADE SALES AGENCY AGENT XXII,,,,OUT,,,,0,,,,,T,HTML,,HEAVENLY SCAT,NYQUIST,SCAT DADDY,
,2023,Y,23FTKNOV,2023-11-07,1,1,132,132,No Horse,No Horse,,,2023-04-07,2023,0,DKB,C,,W,,,NY,MAXFIELD,MAXFIELD,HEAVENLY SCORE,HEAVENLY SCORE,EVEN THE SCORE,EVEN THE SCORE,,,,0,,,1901-01-01,TAYLOR MADE SALES AGENCY AGENT XLIV,,,,BDD BLOODSTOCK,,,,110000,,,,,T,HTML,,HEAVENLY SCORE,MAXFIELD,EVEN THE SCORE,
,2023,Y,23FTKNOV,2023-11-07,1,1,133,133,No Horse,No Horse,,,2023-02-15,2023,0,B,C,,W,,,KY,GUN RUNNER,GUN RUNNER,HOMEMADE MO NAE,HOMEMADE MO NAE,UNCLE MO,UNCLE MO,,,,0,,,1901-01-01,TAYLOR MADE SALES AGENCY AGENT XXV,,,,NOT SOLD,,,,250000,,,,,T,HTML,,HOMEMADE MO NAE,GUN RUNNER,UNCLE MO,
,2023,Y,23FTKNOV,2023-11-07,1,1,134,134,No Horse,No Horse,,,2023-02-03,2023,0,B,F,,W,,,KY,CHARLATAN,CHARLATAN,HOT WATER,HOT WATER,MEDAGLIA D'ORO,MEDAGLIA D'ORO,,,,0,,,1901-01-01,BLUEWATER SALES LLC AGENT VII,,,,OUT,,,,0,,,,,T,HTML,,HOT WATER,CHARLATAN,MEDAGLIA D'ORO,
,2023,Y,23FTKNOV,2023-11-07,1,1,135,135,No Horse,No Horse,,,2023-01-23,2023,0,B,C,,W,,,KY,CHARLATAN,CHARLATAN,CALL ME CANDY,CALL ME CANDY,CANDY RIDE (ARG),CANDY RIDE (ARG),,,,0,,,1901-01-01,PARAMOUNT SALES AGENT V,,,,CHIVALRY THOROUGHBRED RACING LLC,,,,175000,,,,,T,HTML,,CALL ME CANDY,CHARLATAN,CANDY RIDE (ARG),
,2023,Y,23FTKNOV,2023-11-07,1,1,139,139,DONA BRUJA (ARG),DONA BRUJA (ARG),,,2012-09-12,2012,11,B,M,,B,,,ARG,STORM EMBRUJADO (ARG),STORM EMBRUJADO (ARG),THIS IS CRAZY (AUS),THIS IS CRAZY (AUS),NUREYEV,NUREYEV,,,,0,,,1901-01-01,GREENFIELD FARMS AGENT,,,,SHADAI FARM,,,,200000,,,,,T,HTML,,THIS IS CRAZY (AUS),STORM EMBRUJADO (ARG),NUREYEV,
,2023,Y,23FTKNOV,2023-11-07,1,1,140,140,IMPAZIBLE WOMAN,IMPAZIBLE WOMAN,,,2014-02-17,2014,9,CH,M,,B,,,NY,MISSION IMPAZIBLE,MISSION IMPAZIBLE,HANDLEWOMAN,HANDLEWOMAN,ELUSIVE QUALITY,ELUSIVE QUALITY,,,,0,,,1901-01-01,CLIFTON FARM LLC AGENT,,,,H ALBINA AGENT FOR NEWTOWNANNER,,,,325000,,,,,T,HTML,,HANDLEWOMAN,MISSION IMPAZIBLE,ELUSIVE QUALITY,
,2023,Y,23FTKNOV,2023-11-07,1,1,141,141,IMPLY,IMPLY,,,2013-02-06,2013,10,CH,M,,B,,,PA,E DUBAI,E DUBAI,ALLUDE,ALLUDE,ORIENTATE,ORIENTATE,,,,0,,,1901-01-01,BALLYSAX BLOODSTOCK AGENT II,,,,OUT,,,,0,,,,,T,HTML,,ALLUDE,E DUBAI,ORIENTATE,
,2023,Y,23FTKNOV,2023-11-07,1,1,142,142,IT TIZ WELL,IT TIZ WELL,,,2014-04-30,2014,9,DKB,M,,B,,,KY,ARCH,ARCH,IT TIZ,IT TIZ,TIZNOW,TIZNOW,,,,0,,,1901-01-01,DENALI STUD AGENT I,,,,OUT,,,,0,,,,,T,HTML,,IT TIZ,ARCH,TIZNOW,
,2023,Y,23FTKNOV,2023-11-07,1,1,143,143,JOYFUL CADENCE,JOYFUL CADENCE,,,2018-04-30,2018,5,B,M,,B,,,KY,RUNHAPPY,RUNHAPPY,ARABIAN SONG,ARABIAN SONG,FORESTRY,FORESTRY,,,,0,,,1901-01-01,TAYLOR MADE SALES AGENCY AGENT XVI,,,,PARKS INVESTMENTS,,,,1150000,,,,,T,HTML,,ARABIAN SONG,RUNHAPPY,FORESTRY,
,2023,Y,23FTKNOV,2023-11-07,1,1,144,144,KATIE'S KEEPSAKE,KATIE'S KEEPSAKE,,,2014-01-24,2014,9,DKB,M,,B,,,KY,MEDAGLIA D'ORO,MEDAGLIA D'ORO,SALTY STRIKE,SALTY STRIKE,SMART STRIKE,SMART STRIKE,,,,0,,,1901-01-01,FOUR STAR SALES AGENT FOR D.C. GOFF,,,,MAGNA CARTA BLOODSTOCK,,,,300000,,,,,T,HTML,,SALTY STRIKE,MEDAGLIA D'ORO,SMART STRIKE,
,2023,Y,23FTKNOV,2023-11-07,1,1,145,145,KEY OF LIFE,KEY OF LIFE,,,2020-03-12,2020,3,B,F,,RB,,,KY,MO TOWN,MO TOWN,LONGRIDE TO WISDOM,LONGRIDE TO WISDOM,HARLAN'S HOLIDAY,HARLAN'S HOLIDAY,,,,0,,,1901-01-01,FOUR STAR SALES AGENT,,,,BO BROMAGENAGENT,,,,575000,,,,,T,HTML,,LONGRIDE TO WISDOM,MO TOWN,HARLAN'S HOLIDAY,
,2023,Y,23FTKNOV,2023-11-07,1,1,146,146,KIM K,KIM K,,,2016-02-12,2016,7,CH,M,,B,,,KY,WILL TAKE CHARGE,WILL TAKE CHARGE,TRIP FOR A. J.,TRIP FOR A. J.,TRIPPI,TRIPPI,,,,0,,,1901-01-01,STUART MORRIS AGENT I,,,,COTEAU GROVE FARMS/CARY BLOODSTOCK AGENT,,,,180000,,,,,T,HTML,,TRIP FOR A. J.,WILL TAKE CHARGE,TRIPPI,
,2023,Y,23FTKNOV,2023-11-07,1,1,147,147,LADY PUCHI,LADY PUCHI,,,2019-05-17,2019,4,B,F,,RB,,,KY,INTO MISCHIEF,INTO MISCHIEF,ANNABIRD,ANNABIRD,FLOWER ALLEY,FLOWER ALLEY,,,,0,,,1901-01-01,TAYLOR MADE SALES AGENCY AGENT XL,,,,SUGARLOAF LTD,,,,130000,,,,,T,HTML,,ANNABIRD,INTO MISCHIEF,FLOWER ALLEY,
,2023,Y,23FTKNOV,2023-11-07,1,1,148,148,CALL ME CANDY,CALL ME CANDY,,,2018-03-21,2018,5,B,M,,B,,,FL,CANDY RIDE (ARG),CANDY RIDE (ARG),HABIBOO,HABIBOO,UNBRIDLED'S SONG,UNBRIDLED'S SONG,,,,0,,,1901-01-01,PARAMOUNT SALES AGENT V,,,,DETERMINED STUD,,,,550000,,,,,T,HTML,,HABIBOO,CANDY RIDE (ARG),UNBRIDLED'S SONG,
,2023,Y,23FTKNOV,2023-11-07,1,1,149,149,LAST CALL,LAST CALL,,,2020-02-01,2020,3,CH,F,,RB,,,KY,ENGLISH CHANNEL,ENGLISH CHANNEL,OVER SERVED,OVER SERVED,BLACK MINNALOUSHE,BLACK MINNALOUSHE,,,,0,,,1901-01-01,HILL 'N' DALE AT XALAPA AGENT,,,,NOT SOLD,,,,675000,,,,,T,HTML,,OVER SERVED,ENGLISH CHANNEL,BLACK MINNALOUSHE,
,2023,Y,23FTKNOV,2023-11-07,1,1,150,150,LENNI GIRL,LENNI GIRL,,,2019-02-02,2019,4,DKB,F,,B,,,KY,CANDY RIDE (ARG),CANDY RIDE (ARG),UNICORN GIRL,UNICORN GIRL,A. P. FIVE HUNDRED,A. P. FIVE HUNDRED,,,,0,,,1901-01-01,FOUR STAR SALES AGENT,,,,GAVIN O CONNOR AGENT FOR JOHN STEWART,,,,500000,,,,,T,HTML,,UNICORN GIRL,CANDY RIDE (ARG),A. P. FIVE HUNDRED,
,2023,Y,23FTKNOV,2023-11-07,1,1,151,151,LIGHT STARS (FR),LIGHT STARS (FR),,,2018-05-25,2018,5,B,M,,RB,,,FR,SEA THE STARS (IRE),SEA THE STARS (IRE),SUREYYA (GER),SUREYYA (GER),MONSUN (GER),MONSUN (GER),,,,0,,,1901-01-01,WINTER QUARTER FARM AGENT,,,,DREAM WITH ME STABLES INC,,,,140000,,,,,T,HTML,,SUREYYA (GER),SEA THE STARS (IRE),MONSUN (GER),
,2023,Y,23FTKNOV,2023-11-07,1,1,152,152,LILIESFORMILLIE,LILIESFORMILLIE,,,2020-02-22,2020,3,DKB,F,,BP,,,KY,PIONEEROF THE NILE,PIONEEROF THE NILE,TIGER CAT LILLY,TIGER CAT LILLY,TALE OF THE CAT,TALE OF THE CAT,,,,0,,,1901-01-01,ST GEORGE SALES AGENT II,,,,DONATO LANNI,,,,210000,,,,,T,HTML,,TIGER CAT LILLY,PIONEEROF THE NILE,TALE OF THE CAT,
,2023,Y,23FTKNOV,2023-11-07,1,1,153,153,LUCKY IRISH,LUCKY IRISH,,,2016-04-11,2016,7,B,M,,B,,,KY,LOOKIN AT LUCKY,LOOKIN AT LUCKY,IRISH SOVEREIGN,IRISH SOVEREIGN,POLISH NUMBERS,POLISH NUMBERS,,,,0,,,1901-01-01,NORTHVIEW STALLION STATION (DAVID WADE) AGENT,,,,OUT,,,,0,,,,,T,HTML,,IRISH SOVEREIGN,LOOKIN AT LUCKY,POLISH NUMBERS,
,2023,Y,23FTKNOV,2023-11-07,1,1,154,154,MIDNIGHT UNION,MIDNIGHT UNION,,,2014-02-18,2014,9,B,M,,B,,,KY,UNION RAGS,UNION RAGS,MIDNIGHT VISIT,MIDNIGHT VISIT,HENNY HUGHES,HENNY HUGHES,,,,0,,,1901-01-01,MULHOLLAND SPRINGS AGENT I,,,,JEFF RAMEY,,,,350000,,,,,T,HTML,,MIDNIGHT VISIT,UNION RAGS,HENNY HUGHES,
,2023,Y,23FTKNOV,2023-11-07,1,1,155,155,MISS NEW YORK,MISS NEW YORK,,,2020-03-29,2020,3,CH,F,,RB,,,KY,GOOD MAGIC,GOOD MAGIC,LUNA VEGA,LUNA VEGA,MALIBU MOON,MALIBU MOON,,,,0,,,1901-01-01,ST GEORGE SALES AGENT IV,,,,NOT SOLD,,,,575000,,,,,T,HTML,,LUNA VEGA,GOOD MAGIC,MALIBU MOON,
,2023,Y,23FTKNOV,2023-11-07,1,1,156,156,MOIRA,MOIRA,,,2019-04-11,2019,4,B,F,,RB,,,ON,GHOSTZAPPER,GHOSTZAPPER,DEVINE AIDA,DEVINE AIDA,UNBRIDLED'S SONG,UNBRIDLED'S SONG,,,,0,,,1901-01-01,HILL 'N' DALE AT XALAPA AGENT,,,,DM RACING VENTURES,,,,3000000,,,,,T,HTML,,DEVINE AIDA,GHOSTZAPPER,UNBRIDLED'S SONG,
,2023,Y,23FTKNOV,2023-11-07,1,1,157,157,MO ME MO MY,MO ME MO MY,,,2016-04-06,2016,7,DKB,M,,B,,,FL,UNCLE MO,UNCLE MO,FLOWERS ATHEFINISH,FLOWERS ATHEFINISH,GRAND REWARD,GRAND REWARD,,,,0,,,1901-01-01,PARAMOUNT SALES AGENT II,,,,HUNTER VALLEY FARM,,,,110000,,,,,T,HTML,,FLOWERS ATHEFINISH,UNCLE MO,GRAND REWARD,
,2023,Y,23FTKNOV,2023-11-07,1,1,158,158,MOQADAMA (IRE),MOQADAMA (IRE),,,2018-02-16,2018,5,B,M,,B,,,IRE,DARK ANGEL (IRE),DARK ANGEL (IRE),WHITE DAFFODIL (IRE),WHITE DAFFODIL (IRE),FOOTSTEPSINTHESAND (GB),FOOTSTEPSINTHESAND (GB),,,,0,,,1901-01-01,CARA BLOODSTOCK (BERNARD MCCORMACK) AGENT I,,,,NOT SOLD,,,,245000,,,,,T,HTML,,WHITE DAFFODIL (IRE),DARK ANGEL (IRE),FOOTSTEPSINTHESAND (GB),
,2023,Y,23FTKNOV,2023-11-07,1,1,159,159,MUNNYFOR RO,MUNNYFOR RO,,,2018-04-07,2018,5,CH,M,,B,,,ON,MUNNINGS,MUNNINGS,REPARTEE,REPARTEE,DISTORTED HUMOR,DISTORTED HUMOR,,,,0,,,1901-01-01,HILL 'N' DALE AT XALAPA AGENT,,,,ALPHA DELTA STABLES,,,,900000,,,,,T,HTML,,REPARTEE,MUNNINGS,DISTORTED HUMOR,
,2023,Y,23FTKNOV,2023-11-07,1,1,160,160,NADETTE (FR),NADETTE (FR),,,2019-04-18,2019,4,B,F,,RB,,,FR,OUTSTRIP (GB),OUTSTRIP (GB),CIBOULETTE (IRE),CIBOULETTE (IRE),PIVOTAL (GB),PIVOTAL (GB),,,,0,,,1901-01-01,BLUEWATER SALES LLC AGENT III,,,,OUT,,,,0,,,,,T,HTML,,CIBOULETTE (IRE),OUTSTRIP (GB),PIVOTAL (GB),
,2023,Y,23FTKNOV,2023-11-07,1,1,161,161,NEEDMORE FLATTERY,NEEDMORE FLATTERY,,,2011-04-10,2011,12,CH,M,,B,,,OH,FLATTER,FLATTER,KIOSK,KIOSK,LEFT BANKER,LEFT BANKER,,,,0,,,1901-01-01,NICKY DRION THOROUGHBREDS AGENT,,,,NOT SOLD,,,,1700000,,,,,T,HTML,,KIOSK,FLATTER,LEFT BANKER,
,2023,Y,23FTKNOV,2023-11-07,1,1,162,162,MERNEITH,MERNEITH,,,2017-02-15,2017,6,B,M,,B,,,KY,AMERICAN PHAROAH,AMERICAN PHAROAH,FLATTERMEWITHROSES,FLATTERMEWITHROSES,FLATTER,FLATTER,,,,0,,,1901-01-01,MILL RIDGE SALES AGENT,,,,SPENDTHRIFT FARM LLC,,,,2000000,,,,,T,HTML,,FLATTERMEWITHROSES,AMERICAN PHAROAH,FLATTER,
,2023,Y,23FTKNOV,2023-11-07,1,1,163,163,NEST,NEST,,,2019-04-08,2019,4,B,F,,RB,,,KY,CURLIN,CURLIN,MARION RAVENWOOD,MARION RAVENWOOD,A.P. INDY,A.P. INDY,,,,0,,,1901-01-01,HIGHGATE SALES AGENT II,,,,REPOLE STABLE,,,,6000000,,,,,T,HTML,,MARION RAVENWOOD,CURLIN,A.P. INDY,
,2023,Y,23FTKNOV,2023-11-07,1,1,164,164,NEW YEAR'S EVE,NEW YEAR'S EVE,,,2019-04-04,2019,4,CH,F,,RB,,,KY,KITTEN'S JOY,KITTEN'S JOY,AWESOME RAFAELA (BRZ),AWESOME RAFAELA (BRZ),ELUSIVE QUALITY,ELUSIVE QUALITY,,,,0,,,1901-01-01,HUNTER VALLEY FARM AGENT,,,,NOT SOLD,,,,500000,,,,,T,HTML,,AWESOME RAFAELA (BRZ),KITTEN'S JOY,ELUSIVE QUALITY,
,2023,Y,23FTKNOV,2023-11-07,1,1,165,165,OPALINA,OPALINA,,,2019-04-24,2019,4,CH,F,,RB,,,FL,OPTIMIZER,OPTIMIZER,GO KITTEN GO,GO KITTEN GO,KITTEN'S JOY,KITTEN'S JOY,,,,0,,,1901-01-01,ELITE AGENT,,,,OUT,,,,0,,,,,T,HTML,,GO KITTEN GO,OPTIMIZER,KITTEN'S JOY,
,2023,Y,23FTKNOV,2023-11-07,1,1,166,166,PASS THE CHAMPAGNE,PASS THE CHAMPAGNE,,,2018-04-07,2018,5,CH,M,,RB,,,KY,FLATTER,FLATTER,CHAMPAGNE TASTE,CHAMPAGNE TASTE,DISTORTED HUMOR,DISTORTED HUMOR,,,,0,,,1901-01-01,HUNTER VALLEY FARM AGENT,,,,WINSTAR FARM LLC,,,,985000,,,,,T,HTML,,CHAMPAGNE TASTE,FLATTER,DISTORTED HUMOR,
,2023,Y,23FTKNOV,2023-11-07,1,1,167,167,PIPIT,PIPIT,,,2021-03-23,2021,2,B,F,,RB,,,KY,QUALITY ROAD,QUALITY ROAD,BROWSE,BROWSE,MEDAGLIA D'ORO,MEDAGLIA D'ORO,,,,0,,,1901-01-01,HILL 'N' DALE AT XALAPA AGENT,,,,NOT SOLD,,,,335000,,,,,T,HTML,,BROWSE,QUALITY ROAD,MEDAGLIA D'ORO,
,2023,Y,23FTKNOV,2023-11-07,1,1,168,168,PIZZA BIANCA,PIZZA BIANCA,,,2019-05-01,2019,4,DKB,F,,B,,,KY,FASTNET ROCK (AUS),FASTNET ROCK (AUS),WHITE HOT (IRE),WHITE HOT (IRE),GALILEO (IRE),GALILEO (IRE),,,,0,,,1901-01-01,ELITE AGENT,,,,GAVIN O CONNOR AGENT FOR JOHN STEWART,,,,3000000,,,,,T,HTML,,WHITE HOT (IRE),FASTNET ROCK (AUS),GALILEO (IRE),
,2023,Y,23FTKNOV,2023-11-07,1,1,169,169,PRIDE OF THE NILE,PRIDE OF THE NILE,,,2020-02-02,2020,3,B,F,,RB,,,KY,PIONEEROF THE NILE,PIONEEROF THE NILE,INNY MINNIE,INNY MINNIE,HARD SPUN,HARD SPUN,,,,0,,,1901-01-01,GAINESWAY AGENT IV,,,,JAMES SCHENCK AGENT,,,,1025000,,,,,T,HTML,,INNY MINNIE,PIONEEROF THE NILE,HARD SPUN,
,2023,Y,23FTKNOV,2023-11-07,1,1,170,170,QUATTROELLE (IRE),QUATTROELLE (IRE),,,2018-04-13,2018,5,B,M,,BP,,,IRE,MEHMAS (IRE),MEHMAS (IRE),HEAVENLY RIVER (FR),HEAVENLY RIVER (FR),STORMY RIVER (FR),STORMY RIVER (FR),,,,0,,,1901-01-01,MILL RIDGE SALES AGENT,,,,JS COMPANY LTD,,,,500000,,,,,T,HTML,,HEAVENLY RIVER (FR),MEHMAS (IRE),STORMY RIVER (FR),
,2023,Y,23FTKNOV,2023-11-07,1,1,171,171,QUEEN CAROLINE,QUEEN CAROLINE,,,2013-04-17,2013,10,DKB,M,,B,,,VA,BLAME,BLAME,QUEENS PLAZA,QUEENS PLAZA,FORESTRY,FORESTRY,,,,0,,,1901-01-01,BLUEGRASS THOROUGHBRED SERVICES INC. AGENT FOR SOUTH GATE FARM LLC,,,,GAVIN O CONNOR AGENT FOR JOHN STEWART,,,,3000000,,,,,T,HTML,,QUEENS PLAZA,BLAME,FORESTRY,
,2023,Y,23FTKNOV,2023-11-07,1,1,172,172,QUEEN GODDESS,QUEEN GODDESS,,,2018-01-25,2018,5,DKB,M,,RB,,,KY,EMPIRE MAKER,EMPIRE MAKER,ROYAL STORY,ROYAL STORY,LEMON DROP KID,LEMON DROP KID,,,,0,,,1901-01-01,BLUEWATER SALES LLC AGENT II,,,,OUT,,,,0,,,,,T,HTML,,ROYAL STORY,EMPIRE MAKER,LEMON DROP KID,
,2023,Y,23FTKNOV,2023-11-07,1,1,173,173,QUEEN OFTHE TEMPLE,QUEEN OFTHE TEMPLE,,,2018-03-15,2018,5,B,M,,RB,,,KY,TEMPLE CITY,TEMPLE CITY,QUEENAMEINA,QUEENAMEINA,READ THE FOOTNOTES,READ THE FOOTNOTES,,,,0,,,1901-01-01,BLUEWATER SALES LLC AGENT I,,,,HUGO MERRY BLOODSTOCK FOR BLUE DIAMOND STUD LLC,,,,220000,,,,,T,HTML,,QUEENAMEINA,TEMPLE CITY,READ THE FOOTNOTES,
,2023,Y,23FTKNOV,2023-11-07,1,1,174,174,RICH LOVE,RICH LOVE,,,2009-04-05,2009,14,DKB,M,,B,,,MD,NOT FOR LOVE,NOT FOR LOVE,RICHETTA,RICHETTA,POLISH NUMBERS,POLISH NUMBERS,,,,0,,,1901-01-01,VINERY SALES AGENT II,,,,FAST FILLIES,,,,500000,,https://vimeo.com/877654257?share=copy,,,T,HTML,,RICHETTA,NOT FOR LOVE,POLISH NUMBERS,
,2023,Y,23FTKNOV,2023-11-07,1,1,175,175,ROCKY SKY (IRE),ROCKY SKY (IRE),,,2018-03-12,2018,5,DKB,M,,RB,,,IRE,ROCK OF GIBRALTAR (IRE),ROCK OF GIBRALTAR (IRE),ROAD TOSKY (IRE),ROAD TOSKY (IRE),ELUSIVE CITY,ELUSIVE CITY,,,,0,,,1901-01-01,ELITE AGENT,,,,SHADAI FARM,,,,350000,,,,,T,HTML,,ROAD TOSKY (IRE),ROCK OF GIBRALTAR (IRE),ELUSIVE CITY,
,2023,Y,23FTKNOV,2023-11-07,1,1,176,176,RUBY LIPS,RUBY LIPS,,,2010-03-02,2010,13,CH,M,,B,,,ON,HARD SPUN,HARD SPUN,ITS A RUBY,ITS A RUBY,RUBIANO,RUBIANO,,,,0,,,1901-01-01,ELITE AGENT,,,,BLANDFORD BLOODSTOCK LTD,,,,500000,,,,,T,HTML,,ITS A RUBY,HARD SPUN,RUBIANO,
,2023,Y,23FTKNOV,2023-11-07,1,1,177,177,RUNAWAY RUMOUR,RUNAWAY RUMOUR,,,2018-04-07,2018,5,B,M,,RB,,,NY,FLINTSHIRE (GB),FLINTSHIRE (GB),ELUSIVE RUMOUR,ELUSIVE RUMOUR,ELUSIVE QUALITY,ELUSIVE QUALITY,,,,0,,,1901-01-01,INDIAN CREEK AGENT,,,,NOT SOLD,,,,260000,,,,,T,HTML,,ELUSIVE RUMOUR,FLINTSHIRE (GB),ELUSIVE QUALITY,
,2023,Y,23FTKNOV,2023-11-07,1,1,178,178,SAUTERNE (FR),SAUTERNE (FR),,,2020-02-13,2020,3,B,F,,RB,,,FR,KINGMAN (GB),KINGMAN (GB),SALICORNE,SALICORNE,ARAGORN (IRE),ARAGORN (IRE),,,,0,,,1901-01-01,NICKY DRION THOROUGHBREDS AGENT,,,,NARVICK INTL/GRAND STUD,,,,4200000,,,,,T,HTML,,SALICORNE,KINGMAN (GB),ARAGORN (IRE),
,2023,Y,23FTKNOV,2023-11-07,1,1,179,179,SEARCH RESULTS,SEARCH RESULTS,,,2018-02-07,2018,5,DKB,M,,RB,,,KY,FLATTER,FLATTER,CO COLA,CO COLA,CANDY RIDE (ARG),CANDY RIDE (ARG),,,,0,,,1901-01-01,ELITE AGENT,,,,KATSUMI YOSHIDA,,,,3600000,,,,,T,HTML,,CO COLA,FLATTER,CANDY RIDE (ARG),
,2023,Y,23FTKNOV,2023-11-07,1,1,180,180,SECRET OATH,SECRET OATH,,,2019-03-20,2019,4,CH,F,,BP,,,KY,ARROGATE,ARROGATE,ABSINTHE MINDED,ABSINTHE MINDED,QUIET AMERICAN,QUIET AMERICAN,,,,0,,,1901-01-01,BLUEWATER SALES LLC AGENT VI,,,,SPENDTHRIFT FARM LLC,,,,3000000,,,,,T,HTML,,ABSINTHE MINDED,ARROGATE,QUIET AMERICAN,
,2023,Y,23FTKNOV,2023-11-07,1,1,181,181,SHANTISARA (IRE),SHANTISARA (IRE),,,2018-03-15,2018,5,B,M,,BP,,,IRE,COULSTY (IRE),COULSTY (IRE),KHARANA (IRE),KHARANA (IRE),DALAKHANI (IRE),DALAKHANI (IRE),,,,0,,,1901-01-01,ELITE AGENT,,,,SHADAI FARM,,,,1300000,,https://vimeo.com/881377926?share=copy,,,T,HTML,,KHARANA (IRE),COULSTY (IRE),DALAKHANI (IRE),
,2023,Y,23FTKNOV,2023-11-07,1,1,182,182,SIXTYTHREECALIBER,SIXTYTHREECALIBER,,,2019-05-05,2019,4,B,F,,BP,,,KY,GUN RUNNER,GUN RUNNER,CLASSOFSIXTYTHREE,CLASSOFSIXTYTHREE,INCLUDE,INCLUDE,,,,0,,,1901-01-01,TAYLOR MADE SALES AGENCY AGENT FOR MYRACEHORSE.COM & SPENDTHRIFT FARM LLC,,,,SPENDTHRIFT FARM LLC,,,,400000,,,,,T,HTML,,CLASSOFSIXTYTHREE,GUN RUNNER,INCLUDE,
,2023,Y,23FTKNOV,2023-11-07,1,1,183,183,SLAMMED,SLAMMED,,,2018-04-21,2018,5,B,M,,RB,,,NM,MARKING,MARKING,HENNESEY SMASH,HENNESEY SMASH,ROLL HENNESSY ROLL,ROLL HENNESSY ROLL,,,,0,,,1901-01-01,LEGACY BLOODSTOCK AGENT,,,,OUT,,,,0,,,,,T,HTML,,HENNESEY SMASH,MARKING,ROLL HENNESSY ROLL,
,2023,Y,23FTKNOV,2023-11-07,1,1,184,184,SNOWY WINTER,SNOWY WINTER,,,2014-04-12,2014,9,B,M,,B,,,KY,ELUSIVE QUALITY,ELUSIVE QUALITY,PAMONA BALL,PAMONA BALL,PLEASANTLY PERFECT,PLEASANTLY PERFECT,,,,0,,,1901-01-01,EATON SALES AGENT,,,,HUNTER VALLEY FARM,,,,570000,,,,,T,HTML,,PAMONA BALL,ELUSIVE QUALITY,PLEASANTLY PERFECT,
,2023,Y,23FTKNOV,2023-11-07,1,1,185,185,SOPHIA'S SONG,SOPHIA'S SONG,,,2013-04-05,2013,10,CH,M,,B,,,KY,BELLAMY ROAD,BELLAMY ROAD,DREAMSCAPE,DREAMSCAPE,MT. LIVERMORE,MT. LIVERMORE,,,,0,,,1901-01-01,TAYLOR MADE SALES AGENCY AGENT XLII,,,,SHADAI FARM,,,,1350000,,https://vimeo.com/879239240?share=copy,,,T,HTML,,DREAMSCAPE,BELLAMY ROAD,MT. LIVERMORE,
,2023,Y,23FTKNOV,2023-11-07,1,1,186,186,SOUTHAMPTON WAY,SOUTHAMPTON WAY,,,2015-05-06,2015,8,B,M,,B,,,MD,INTO MISCHIEF,INTO MISCHIEF,ROADTOHANNA,ROADTOHANNA,NOT FOR LOVE,NOT FOR LOVE,,,,0,,,1901-01-01,NORTHVIEW STALLION STATION (DAVID WADE) AGENT,,,,OUT,,,,0,,,,,T,HTML,,ROADTOHANNA,INTO MISCHIEF,NOT FOR LOVE,
,2023,Y,23FTKNOV,2023-11-07,1,1,187,187,SPEAK OF THE DEVIL (FR),SPEAK OF THE DEVIL (FR),,,2017-05-14,2017,6,B,M,,RB,,,FR,WOOTTON BASSETT (GB),WOOTTON BASSETT (GB),MORANDA (FR),MORANDA (FR),INDIAN ROCKET (GB),INDIAN ROCKET (GB),,,,0,,,1901-01-01,ELITE AGENT,,,,OUT,,,,0,,,,,T,HTML,,MORANDA (FR),WOOTTON BASSETT (GB),INDIAN ROCKET (GB),
,2023,Y,23FTKNOV,2023-11-07,1,1,188,188,STAR DEVINE (IRE),STAR DEVINE (IRE),,,2018-01-16,2018,5,B,M,,RB,,,IRE,FASTNET ROCK (AUS),FASTNET ROCK (AUS),STARS AT NIGHT (IRE),STARS AT NIGHT (IRE),GALILEO (IRE),GALILEO (IRE),,,,0,,,1901-01-01,INDIAN CREEK AGENT,,,,KIA-ORA STUD AUSTRALIA P/L,,,,650000,,,,,T,HTML,,STARS AT NIGHT (IRE),FASTNET ROCK (AUS),GALILEO (IRE),
,2023,Y,23FTKNOV,2023-11-07,1,1,189,189,STOLEN HOLIDAY,STOLEN HOLIDAY,,,2017-05-26,2017,6,B,M,,B,,,KY,WAR FRONT,WAR FRONT,SILK AND SCARLET (GB),SILK AND SCARLET (GB),SADLER'S WELLS,SADLER'S WELLS,,,,0,,,1901-01-01,TAYLOR MADE SALES AGENCY AGENT XIX,,,,ALPHA DELTA STABLES,,,,2100000,,https://youtu.be/sPHmhA2tRo4,,,T,HTML,,SILK AND SCARLET (GB),WAR FRONT,SADLER'S WELLS,
,2023,Y,23FTKNOV,2023-11-07,1,1,190,190,SWEET DANI GIRL,SWEET DANI GIRL,,,2019-01-07,2019,4,CH,F,,RB,,,FL,JESS'S DREAM,JESS'S DREAM,MY SWEET DANI GIRL,MY SWEET DANI GIRL,SCAT DADDY,SCAT DADDY,,,,0,,,1901-01-01,HILL 'N' DALE AT XALAPA AGENT,,,,MLD RACING,,,,350000,,,,,T,HTML,,MY SWEET DANI GIRL,JESS'S DREAM,SCAT DADDY,
,2023,Y,23FTKNOV,2023-11-07,1,1,191,191,TAPIT FOR FREE,TAPIT FOR FREE,,,2017-02-25,2017,6,GRR,M,,B,,,KY,TAPIT,TAPIT,FREE THE MAGIC,FREE THE MAGIC,CRYPTOCLEARANCE,CRYPTOCLEARANCE,,,,0,,,1901-01-01,NORTHVIEW STALLION STATION (DAVID WADE) AGENT,,,,AUTRY LOWRY,,,,350000,,,,,T,HTML,,FREE THE MAGIC,TAPIT,CRYPTOCLEARANCE,
,2023,Y,23FTKNOV,2023-11-07,1,1,192,192,TRANSIENT (GB),TRANSIENT (GB),,,2018-04-05,2018,5,CH,M,,RB,,,GB,SEA THE STARS (IRE),SEA THE STARS (IRE),AUTUMN LEAVES (FR),AUTUMN LEAVES (FR),MUHTATHIR (GB),MUHTATHIR (GB),,,,0,,,1901-01-01,INDIAN CREEK AGENT,,,,SUGARLOAF LTD,,,,400000,,,,,T,HTML,,AUTUMN LEAVES (FR),SEA THE STARS (IRE),MUHTATHIR (GB),
,2023,Y,23FTKNOV,2023-11-07,1,1,193,193,TRAVEL COLUMN,TRAVEL COLUMN,,,2018-04-10,2018,5,GRR,M,,BP,,,KY,FROSTED,FROSTED,SWINGIT,SWINGIT,VICTORY GALLOP,VICTORY GALLOP,,,,0,,,1901-01-01,TAYLOR MADE SALES AGENCY AGENT XLI,,,,SPENDTHRIFT FARM LLC,,,,2000000,,https://youtu.be/R7IpHIyzsXs,,,T,HTML,,SWINGIT,FROSTED,VICTORY GALLOP,
,2023,Y,23FTKNOV,2023-11-07,1,1,194,194,TRIPOLINA,TRIPOLINA,,,2021-01-18,2021,2,B,F,,RB,,,KY,CONSTITUTION,CONSTITUTION,BALLYKISS,BALLYKISS,STREET BOSS,STREET BOSS,,,,0,,,1901-01-01,HILL 'N' DALE AT XALAPA AGENT,,,,OUT,,,,0,,,,,T,HTML,,BALLYKISS,CONSTITUTION,STREET BOSS,
,2023,Y,23FTKNOV,2023-11-07,1,1,195,195,TROPHY GIRL,TROPHY GIRL,,,2013-01-17,2013,10,B,M,,B,,,KY,WARRIOR'S REWARD,WARRIOR'S REWARD,STORM WEST,STORM WEST,GONE WEST,GONE WEST,,,,0,,,1901-01-01,GAINESWAY AGENT I,,,,HUGO MERRY BLOODSTOCK,,,,750000,,,,,T,HTML,,STORM WEST,WARRIOR'S REWARD,GONE WEST,
,2023,Y,23FTKNOV,2023-11-07,1,1,196,196,LADY SHIPMAN,LADY SHIPMAN,,,2012-04-14,2012,11,CH,M,,B,,,KY,MIDSHIPMAN,MIDSHIPMAN,SUMTHINGTOTALKABT,SUMTHINGTOTALKABT,MUTAKDDIM,MUTAKDDIM,,,,0,,,1901-01-01,LANE'S END AGENT FOR RANLO INVESTMENTS LLC,,,,NOT SOLD,,,,1600000,,,,,T,HTML,,SUMTHINGTOTALKABT,MIDSHIPMAN,MUTAKDDIM,
,2023,Y,23FTKNOV,2023-11-07,1,1,197,197,VEGAS MAGIC,VEGAS MAGIC,,,2020-03-03,2020,3,B,F,,RB,,,KY,GOOD MAGIC,GOOD MAGIC,HEIDI MARIA,HEIDI MARIA,ROCKPORT HARBOR,ROCKPORT HARBOR,,,,0,,,1901-01-01,TAYLOR MADE SALES AGENCY AGENT XX,,,,SF BLOODSTOCK LLC,,,,410000,,https://youtu.be/S4a4eT3u29g,,,T,HTML,,HEIDI MARIA,GOOD MAGIC,ROCKPORT HARBOR,
,2023,Y,23FTKNOV,2023-11-07,1,1,198,198,VIGUI'S HEART,VIGUI'S HEART,,,2017-04-17,2017,6,DKB,M,,B,,,KY,QUALITY ROAD,QUALITY ROAD,BLUE HEART,BLUE HEART,EXCHANGE RATE,EXCHANGE RATE,,,,0,,,1901-01-01,MILL RIDGE SALES AGENT,,,,PURSUIT OF SUCCESS LLC,,,,525000,,,,,T,HTML,,BLUE HEART,QUALITY ROAD,EXCHANGE RATE,
,2023,Y,23FTKNOV,2023-11-07,1,1,199,199,WONDER BREW,WONDER BREW,,,2012-02-04,2012,11,CH,M,,B,,,KY,GIANT'S CAUSEWAY,GIANT'S CAUSEWAY,GINGER BREW,GINGER BREW,MILWAUKEE BREW,MILWAUKEE BREW,,,,0,,,1901-01-01,INDIAN CREEK AGENT,,,,NEW GRANGE FARM,,,,310000,,,,,T,HTML,,GINGER BREW,GIANT'S CAUSEWAY,MILWAUKEE BREW,
,2023,Y,23FTKNOV,2023-11-07,1,1,200,200,WONDER WHEEL,WONDER WHEEL,,,2020-02-07,2020,3,DKB,F,,BP,,,KY,INTO MISCHIEF,INTO MISCHIEF,WONDER GAL,WONDER GAL,TIZ WONDERFUL,TIZ WONDERFUL,,,,0,,,1901-01-01,TAYLOR MADE SALES AGENCY AGENT FOR DJ STABLE LLC GRADUATE,,,,KATSUMI YOSHIDA,,,,3200000,,https://youtu.be/-isgokorot4,,,T,HTML,,WONDER GAL,INTO MISCHIEF,TIZ WONDERFUL,
,2023,Y,23FTKNOV,2023-11-07,1,1,201,201,YESTERDAYONCEMORE (IRE),YESTERDAYONCEMORE (IRE),,,2017-03-15,2017,6,B,M,,B,,,IRE,NO NAY NEVER,NO NAY NEVER,DANEHILL'S DREAM (IRE),DANEHILL'S DREAM (IRE),DANEHILL,DANEHILL,,,,0,,,1901-01-01,BALLYSAX BLOODSTOCK AGENT FOR GRANTLEY ACRES,,,,NOT SOLD,,,,325000,,,,,T,HTML,,DANEHILL'S DREAM (IRE),NO NAY NEVER,DANEHILL,
,2023,Y,23FTKNOV,2023-11-07,1,1,202,202,AFFIRMATIVE LADY,AFFIRMATIVE LADY,,,2020-04-16,2020,3,GRR,F,,RB,,,KY,ARROGATE,ARROGATE,STIFFED,STIFFED,STEPHEN GOT EVEN,STEPHEN GOT EVEN,,,,0,,,1901-01-01,ST GEORGE SALES AGENT IV,,,,NOT SOLD,,,,885000,,,,,T,HTML,,STIFFED,ARROGATE,STEPHEN GOT EVEN,
,2023,Y,23FTKNOV,2023-11-07,1,1,203,203,AIN'T EASY,AIN'T EASY,,,2019-04-28,2019,4,B,F,,B,,,KY,INTO MISCHIEF,INTO MISCHIEF,AMERISTRALIA (AUS),AMERISTRALIA (AUS),FASTNET ROCK (AUS),FASTNET ROCK (AUS),,,,0,,,1901-01-01,TAYLOR MADE SALES AGENCY AGENT XXXI,,,,SHADAI FARM,,,,2300000,,,,,T,HTML,,AMERISTRALIA (AUS),INTO MISCHIEF,FASTNET ROCK (AUS),
,2023,Y,23FTKNOV,2023-11-07,1,1,204,204,AMAGANSETT,AMAGANSETT,,,2017-03-11,2017,6,B,M,,B,,,KY,TAPIT,TAPIT,TWIRL (IRE),TWIRL (IRE),GALILEO (IRE),GALILEO (IRE),,,,0,,,1901-01-01,ELITE AGENT,,,,KIMURA HIDENORI CO. LTD,,,,400000,,,,,T,HTML,,TWIRL (IRE),TAPIT,GALILEO (IRE),
,2023,Y,23FTKNOV,2023-11-07,1,1,205,205,AMERICA,AMERICA,,,2011-03-22,2011,12,B,M,,B,,,KY,A.P. INDY,A.P. INDY,LACADENA,LACADENA,FASLIYEV,FASLIYEV,,,,0,,,1901-01-01,ELITE AGENT,,,,NOT SOLD,,,,1200000,,,,,T,HTML,,LACADENA,A.P. INDY,FASLIYEV,
,2023,Y,23FTKNOV,2023-11-07,1,1,206,206,AND TELL ME NOLIES,AND TELL ME NOLIES,,,2020-02-15,2020,3,B,F,,RB,,,KY,ARROGATE,ARROGATE,BE FAIR,BE FAIR,EXCHANGE RATE,EXCHANGE RATE,,,,0,,,1901-01-01,INDIAN CREEK AGENT,,,,NARVICK INTL/GRAND STUD,,,,2300000,,,,,T,HTML,,BE FAIR,ARROGATE,EXCHANGE RATE,
,2023,Y,23FTKNOV,2023-11-07,1,1,207,207,ARMONY'S ANGEL,ARMONY'S ANGEL,,,2016-02-11,2016,7,CH,M,,B,,,KY,TO HONOR AND SERVE,TO HONOR AND SERVE,SEEINSBELIEVEN,SEEINSBELIEVEN,CARSON CITY,CARSON CITY,,,,0,,,1901-01-01,TAYLOR MADE SALES AGENCY AGENT XI,,,,KATSUMI YOSHIDA,,,,1800000,,,,,T,HTML,,SEEINSBELIEVEN,TO HONOR AND SERVE,CARSON CITY,
,2023,Y,23FTKNOV,2023-11-07,1,1,208,208,AWAKE AT MIDNYTE,AWAKE AT MIDNYTE,,,2019-02-10,2019,4,CH,F,,BP,,,KY,NYQUIST,NYQUIST,MIDNIGHT UNION,MIDNIGHT UNION,UNION RAGS,UNION RAGS,,,,0,,,1901-01-01,KINGSWOOD FARM AGENT,,,,LAKE VILLA FARM,,,,825000,,,,,T,HTML,,MIDNIGHT UNION,NYQUIST,UNION RAGS,
,2023,Y,23FTKNOV,2023-11-07,1,1,209,209,BATTLE BLING,BATTLE BLING,,,2018-03-28,2018,5,DKB,M,,BP,,,KY,VANCOUVER (AUS),VANCOUVER (AUS),SOLEIL ROUGE,SOLEIL ROUGE,E DUBAI,E DUBAI,,,,0,,,1901-01-01,ELITE AGENT,,,,COTEAU GROVE FARMS/CARY BLOODSTOCK AGT,,,,325000,,https://vimeo.com/881378095?share=copy,,,T,HTML,,SOLEIL ROUGE,VANCOUVER (AUS),E DUBAI,
,2023,Y,23FTKNOV,2023-11-07,1,1,210,210,BAY STORM,BAY STORM,,,2018-03-26,2018,5,DKB,M,,RB,,,KY,KANTHAROS,KANTHAROS,STORMY REGATTA,STORMY REGATTA,MIDSHIPMAN,MIDSHIPMAN,,,,0,,,1901-01-01,DENALI STUD AGENT FOR BRIDLEWOOD FARM,,,,CANDY MEADOWS LLC,,,,750000,,,,,T,HTML,,STORMY REGATTA,KANTHAROS,MIDSHIPMAN,
,2023,Y,23FTKNOV,2023-11-07,1,1,211,211,BELLAMORE,BELLAMORE,,,2018-04-23,2018,5,DKB,M,,RB,,,KY,EMPIRE MAKER,EMPIRE MAKER,SMART N SOFT,SMART N SOFT,SMART STRIKE,SMART STRIKE,,,,0,,,1901-01-01,HILL 'N' DALE AT XALAPA AGENT,,,,NOT SOLD,,,,675000,,,,,T,HTML,,SMART N SOFT,EMPIRE MAKER,SMART STRIKE,
,2023,Y,23FTKNOV,2023-11-07,1,1,212,212,BELLE'S FINALE,BELLE'S FINALE,,,2014-05-11,2014,9,B,M,,B,,,KY,GHOSTZAPPER,GHOSTZAPPER,CAPOTE BELLE,CAPOTE BELLE,CAPOTE,CAPOTE,,,,0,,,1901-01-01,TAYLOR MADE SALES AGENCY AGENT XIV,,,,SUMMER WIND EQUINE,,,,1250000,,https://youtu.be/8iwt4TzOuOw,,,T,HTML,,CAPOTE BELLE,GHOSTZAPPER,CAPOTE,
,2023,Y,23FTKNOV,2023-11-07,1,1,213,213,No Horse,No Horse,,,2023-04-12,2023,0,B,C,,W,,,KY,MAXFIELD,MAXFIELD,BELLE'S FINALE,BELLE'S FINALE,GHOSTZAPPER,GHOSTZAPPER,,,,0,,,1901-01-01,TAYLOR MADE SALES AGENCY AGENT XIV,,,,ENFUEGO STABLES,,,,500000,,https://youtu.be/Lpgnq2rDgus,,,T,HTML,,BELLE'S FINALE,MAXFIELD,GHOSTZAPPER,
,2023,Y,23FTKNOV,2023-11-07,1,1,214,214,BE YOUR BEST (IRE),BE YOUR BEST (IRE),,,2020-02-27,2020,3,B,F,,RB,,,IRE,MUHAARAR (GB),MUHAARAR (GB),KAMAKURA,KAMAKURA,MEDAGLIA D'ORO,MEDAGLIA D'ORO,,,,0,,,1901-01-01,INDIAN CREEK AGENT,,,,OUT,,,,0,,,,,T,HTML,,KAMAKURA,MUHAARAR (GB),MEDAGLIA D'ORO,
,2023,Y,23FTKNOV,2023-11-07,1,1,215,215,BUBBLE ROCK,BUBBLE ROCK,,,2019-04-07,2019,4,DKB,F,,RB,,,KY,MORE THAN READY,MORE THAN READY,REEF POINT,REEF POINT,GIANT'S CAUSEWAY,GIANT'S CAUSEWAY,,,,0,,,1901-01-01,GASPER BLOODSTOCK AGENT,,,,KIA-ORA STUD AUSTRALIA P/L,,,,1500000,,,,,T,HTML,,REEF POINT,MORE THAN READY,GIANT'S CAUSEWAY,
,2023,Y,23FTKNOV,2023-11-07,1,1,216,216,BYRDIE HOWE,BYRDIE HOWE,,,2018-03-11,2018,5,B,M,,B,,,KY,UNCLE MO,UNCLE MO,APT,APT,A.P. INDY,A.P. INDY,,,,0,,,1901-01-01,TAYLOR MADE SALES AGENCY AGENT XIX,,,,NOT SOLD,,,,270000,,,,,T,HTML,,APT,UNCLE MO,A.P. INDY,
,2023,Y,23FTKNOV,2023-11-07,1,1,217,217,CAFE SOCIETY,CAFE SOCIETY,,,2018-02-07,2018,5,B,M,,B,,,ON,EMPIRE MAKER,EMPIRE MAKER,FULL TAP,FULL TAP,TAPIT,TAPIT,,,,0,,,1901-01-01,TAYLOR MADE SALES AGENCY AGENT XIX,,,,SF BLOODSTOCK & NEWGATE,,,,290000,,,,,T,HTML,,FULL TAP,EMPIRE MAKER,TAPIT,
,2023,Y,23FTKNOV,2023-11-07,1,1,218,218,CARTOUCHE (IRE),CARTOUCHE (IRE),,,2018-01-02,2018,5,B,M,,B,,,IRE,GALILEO (IRE),GALILEO (IRE),AWESOME MARIA,AWESOME MARIA,MARIA'S MON,MARIA'S MON,,,,0,,,1901-01-01,ELITE AGENT,,,,OUT,,,,0,,,,,T,HTML,,AWESOME MARIA,GALILEO (IRE),MARIA'S MON,
,2023,Y,23FTKNOV,2023-11-07,1,1,219,219,CHARGE IT PLEASE,CHARGE IT PLEASE,,,2017-02-20,2017,6,CH,M,,B,,,KY,WILL TAKE CHARGE,WILL TAKE CHARGE,QUICK FLIP,QUICK FLIP,SPEIGHTSTOWN,SPEIGHTSTOWN,,,,0,,,1901-01-01,TAYLOR MADE SALES AGENCY AGENT XVIII,,,,OUT,,,,0,,,,,T,HTML,,QUICK FLIP,WILL TAKE CHARGE,SPEIGHTSTOWN,
,2023,Y,23FTKNOV,2023-11-07,1,1,220,220,CHOCOLATE GELATO,CHOCOLATE GELATO,,,2020-02-27,2020,3,DKB,F,,BP,,,KY,PRACTICAL JOKE,PRACTICAL JOKE,SPECIAL TREAT,SPECIAL TREAT,CANDY RIDE (ARG),CANDY RIDE (ARG),,,,0,,,1901-01-01,LANE'S END AGENT,,,,NOT SOLD,,,,1150000,,,,,T,HTML,,SPECIAL TREAT,PRACTICAL JOKE,CANDY RIDE (ARG),
,2023,Y,23FTKNOV,2023-11-07,1,1,221,221,CLASSIQUE,CLASSIQUE,,,2018-02-13,2018,5,DKB,M,,B,,,KY,PIONEEROF THE NILE,PIONEEROF THE NILE,EMBELLISH THE LACE,EMBELLISH THE LACE,SUPER SAVER,SUPER SAVER,,,,0,,,1901-01-01,HILL 'N' DALE AT XALAPA AGENT,,,,KILLORA STUD LLC,,,,425000,,,,,T,HTML,,EMBELLISH THE LACE,PIONEEROF THE NILE,SUPER SAVER,
,2023,Y,23FTKNOV,2023-11-07,1,1,222,222,COVER VERSION,COVER VERSION,,,2015-04-02,2015,8,B,M,,B,,,KY,MEDAGLIA D'ORO,MEDAGLIA D'ORO,VAGUELY FAMILIAR,VAGUELY FAMILIAR,A.P. INDY,A.P. INDY,,,,0,,,1901-01-01,BUCKLAND SALES (ZACH MADDEN) AGENT I,,,,ALISTAIR RODEN AGENT FOR MKW RACING & BREEDING,,,,200000,,,,,T,HTML,,VAGUELY FAMILIAR,MEDAGLIA D'ORO,A.P. INDY,
,2023,Y,23FTKNOV,2023-11-07,1,1,223,223,DARK CHARM,DARK CHARM,,,2018-05-29,2018,5,DKB,M,,B,,,KY,MORE THAN READY,MORE THAN READY,ROSALIE ROAD,ROSALIE ROAD,STREET CRY (IRE),STREET CRY (IRE),,,,0,,,1901-01-01,LANE'S END AGENT,,,,GRANTLEY ACRES,,,,100000,,,,,T,HTML,,ROSALIE ROAD,MORE THAN READY,STREET CRY (IRE),
,2023,Y,23FTKNOV,2023-11-07,1,1,224,224,DIDIA (ARG),DIDIA (ARG),,,2018-10-26,2018,5,B,M,,RB,,,ARG,ORPEN,ORPEN,DELAMBRE (BRZ),DELAMBRE (BRZ),RAINBOW CORNER (GB),RAINBOW CORNER (GB),,,,0,,,1901-01-01,BLUEGRASS THOROUGHBRED SERVICES INC. AGENT FOR MERRIEBELLE STABLE,,,,OUT,,,,0,,,,,T,HTML,,DELAMBRE (BRZ),ORPEN,RAINBOW CORNER (GB),
,2023,Y,23FTKNOV,2023-11-07,1,1,225,225,DONTMESSWITHJAMMER,DONTMESSWITHJAMMER,,,2019-04-02,2019,4,B,F,,BP,,,KY,CANDY RIDE (ARG),CANDY RIDE (ARG),WELL LIVED,WELL LIVED,TIZNOW,TIZNOW,,,,0,,,1901-01-01,VINERY SALES AGENT II,,,,DELTA THOROUGHBREDS,,,,145000,,,,,T,HTML,,WELL LIVED,CANDY RIDE (ARG),TIZNOW,
,2023,Y,23FTKNOV,2023-11-07,1,1,226,226,DYNAMOTOR,DYNAMOTOR,,,2011-05-11,2011,12,DKB,M,,B,,,KY,DYNAFORMER,DYNAFORMER,MY CHICKADEE,MY CHICKADEE,PLEASANT TAP,PLEASANT TAP,,,,0,,,1901-01-01,POPE MCLEAN (CRESTWOOD FARM) AGENT II,,,,NOT SOLD,,,,290000,,,,,T,HTML,,MY CHICKADEE,DYNAFORMER,PLEASANT TAP,
,2023,Y,23FTKNOV,2023-11-07,1,1,227,227,EDWINA E,EDWINA E,,,2012-04-18,2012,11,CH,M,,B,,,CA,SQUARE EDDIE,SQUARE EDDIE,ELECTRIC DAZE,ELECTRIC DAZE,GILDED TIME,GILDED TIME,,,,0,,,1901-01-01,KINGSWOOD FARM AGENT,,,,NOT SOLD,,,,1200000,,,,,T,HTML,,ELECTRIC DAZE,SQUARE EDDIE,GILDED TIME,
,2023,Y,23FTKNOV,2023-11-07,1,1,228,228,FAIZA,FAIZA,,,2020-04-14,2020,3,B,F,,BP,,,KY,GIRVIN,GIRVIN,SWEET PISTOL,SWEET PISTOL,SMART STRIKE,SMART STRIKE,,,,0,,,1901-01-01,HILL 'N' DALE AT XALAPA AGENT,,,,GODOLPHIN LLC,,,,4000000,,,,,T,HTML,,SWEET PISTOL,GIRVIN,SMART STRIKE,
,2023,Y,23FTKNOV,2023-11-07,1,1,229,229,FAR AWAY LOVE (ARG),FAR AWAY LOVE (ARG),,,2018-07-08,2018,5,CH,M,,BP,,,ARG,VIOLENCE,VIOLENCE,FAR AWAY EYES (ARG),FAR AWAY EYES (ARG),NOT FOR SALE (ARG),NOT FOR SALE (ARG),,,,0,,,1901-01-01,TAYLOR MADE SALES AGENCY AGENT XXXVII,,,,JS COMPANY LTD,,,,375000,,,,,T,HTML,,FAR AWAY EYES (ARG),VIOLENCE,NOT FOR SALE (ARG),
,2023,Y,23FTKNOV,2023-11-07,1,1,230,230,FEV ROVER (IRE),FEV ROVER (IRE),,,2018-02-14,2018,5,B,M,,RB,,,IRE,GUTAIFAN (IRE),GUTAIFAN (IRE),LAURELITA (IRE),LAURELITA (IRE),HIGH CHAPARRAL (IRE),HIGH CHAPARRAL (IRE),,,,0,,,1901-01-01,GAINESWAY AGENT I,,,,OUT,,,,0,,,,,T,HTML,,LAURELITA (IRE),GUTAIFAN (IRE),HIGH CHAPARRAL (IRE),
,2023,Y,23FTKNOV,2023-11-07,1,1,231,231,FLATTER HER AGAIN,FLATTER HER AGAIN,,,2019-03-15,2019,4,CH,F,,B,,,OH,FLATTER,FLATTER,KIOSK,KIOSK,LEFT BANKER,LEFT BANKER,,,,0,,,1901-01-01,BTE STABLES AGENT,,,,OUT,,,,0,,,,,T,HTML,,KIOSK,FLATTER,LEFT BANKER,
,2023,Y,23FTKNOV,2023-11-07,1,1,232,232,FREEDOM SPEAKS,FREEDOM SPEAKS,,,2019-04-03,2019,4,GRR,F,,RB,,,KY,AMERICAN FREEDOM,AMERICAN FREEDOM,WICKED SPEED,WICKED SPEED,MACHO UNO,MACHO UNO,,,,0,,,1901-01-01,TAYLOR MADE SALES AGENCY AGENT XXV,,,,OUT,,,,0,,,,,T,HTML,,WICKED SPEED,AMERICAN FREEDOM,MACHO UNO,
,2023,Y,23FTKNOV,2023-11-07,1,1,233,233,FUN TO DREAM,FUN TO DREAM,,,2019-02-18,2019,4,GRR,F,,BP,,,CA,ARROGATE,ARROGATE,LUTESS,LUTESS,MARIA'S MON,MARIA'S MON,,,,0,,,1901-01-01,HILL 'N' DALE AT XALAPA AGENT,,,,K I FARM,,,,1900000,,,,,T,HTML,,LUTESS,ARROGATE,MARIA'S MON,
,2023,Y,23FTKNOV,2023-11-07,1,1,234,234,GERRYMANDER,GERRYMANDER,,,2019-04-07,2019,4,B,F,,RB,,,KY,INTO MISCHIEF,INTO MISCHIEF,RUBY LIPS,RUBY LIPS,HARD SPUN,HARD SPUN,,,,0,,,1901-01-01,ELITE AGENT,,,,OUT,,,,0,,,,,T,HTML,,RUBY LIPS,INTO MISCHIEF,HARD SPUN,
,2023,Y,23FTKNOV,2023-11-07,1,1,235,235,GIFT OF GLORY,GIFT OF GLORY,,,2015-04-11,2015,8,B,M,,B,,,FL,LOOKIN AT LUCKY,LOOKIN AT LUCKY,GLENCOE CHURCH,GLENCOE CHURCH,CAPOTE,CAPOTE,,,,0,,,1901-01-01,BALLYSAX BLOODSTOCK AGENT V,,,,GRANTLEY ACRES,,,,265000,,,,,T,HTML,,GLENCOE CHURCH,LOOKIN AT LUCKY,CAPOTE,
,2023,Y,23FTKNOV,2023-11-07,1,1,236,236,GODDESS PELE,GODDESS PELE,,,2020-02-15,2020,3,CH,F,,B,,,KY,WEST COAST,WEST COAST,FIERY PULPIT,FIERY PULPIT,PULPIT,PULPIT,,,,0,,,1901-01-01,TAYLOR MADE SALES AGENCY AGENT FOR DJ STABLE LLC GRADUATE,,,,GAVIN O CONNOR AGENT FOR JOHN STEWART,,,,300000,,,,,T,HTML,,FIERY PULPIT,WEST COAST,PULPIT,
,2023,Y,23FTKNOV,2023-11-07,1,1,237,237,GOODNIGHT OLIVE,GOODNIGHT OLIVE,,,2018-04-30,2018,5,DKB,M,,RB,,,KY,GHOSTZAPPER,GHOSTZAPPER,SALTY STRIKE,SALTY STRIKE,SMART STRIKE,SMART STRIKE,,,,0,,,1901-01-01,ELITE AGENT,,,,GAVIN O CONNOR AGENT FOR JOHN STEWART,,,,6000000,,,,,T,HTML,,SALTY STRIKE,GHOSTZAPPER,SMART STRIKE,
,2023,Y,23FTKNOV,2023-11-07,1,1,238,238,GRAND SOFIA,GRAND SOFIA,,,2014-04-28,2014,9,CH,M,,B,,,KY,GIANT'S CAUSEWAY,GIANT'S CAUSEWAY,SWEET TRIP,SWEET TRIP,CARSON CITY,CARSON CITY,,,,0,,,1901-01-01,BLUEWATER SALES LLC AGENT IV,,,,NOT SOLD,,,,875000,,,,,T,HTML,,SWEET TRIP,GIANT'S CAUSEWAY,CARSON CITY,
,2023,Y,23FTKNOV,2023-11-07,1,1,239,239,HALF IS ENOUGH,HALF IS ENOUGH,,,2019-01-19,2019,4,B,F,,B,,,KY,FROSTED,FROSTED,MOREA,MOREA,INDIAN CHARLIE,INDIAN CHARLIE,,,,0,,,1901-01-01,TAYLOR MADE SALES AGENCY AGENT XXXIX,,,,MULHOLLAND SPRINGS AGENT FOR MEADOW WOOD FARM,,,,500000,,,,,T,HTML,,MOREA,FROSTED,INDIAN CHARLIE,
,2023,Y,23FTKNOV,2023-11-07,1,1,240,240,HER WORLD (IRE),HER WORLD (IRE),,,2019-03-05,2019,4,GRR,F,,B,,,IRE,CARAVAGGIO,CARAVAGGIO,MUNDUS NOVUS,MUNDUS NOVUS,UNBRIDLED'S SONG,UNBRIDLED'S SONG,,,,0,,,1901-01-01,PARAMOUNT SALES AGENT IX,,,,OUT,,,,0,,,,,T,HTML,,MUNDUS NOVUS,CARAVAGGIO,UNBRIDLED'S SONG,
,2023,Y,23FTKNOV,2023-11-07,1,1,241,241,HIGHER TRUTH (IRE),HIGHER TRUTH (IRE),,,2018-05-07,2018,5,B,M,,BP,,,IRE,GALILEO (IRE),GALILEO (IRE),WANNABE BETTER (IRE),WANNABE BETTER (IRE),DUKE OF MARMALADE (IRE),DUKE OF MARMALADE (IRE),,,,0,,,1901-01-01,INDIAN CREEK AGENT,,,,GODOLPHIN LLC,,,,1500000,,,,,T,HTML,,WANNABE BETTER (IRE),GALILEO (IRE),DUKE OF MARMALADE (IRE),
,2023,Y,23FTKNOV,2023-11-07,1,1,242,242,HOMEMADE MO NAE,HOMEMADE MO NAE,,,2017-03-06,2017,6,B,M,,B,,,FL,UNCLE MO,UNCLE MO,HOMESTEADER,HOMESTEADER,PIONEERING,PIONEERING,,,,0,,,1901-01-01,TAYLOR MADE SALES AGENCY AGENT XXV,,,,PADDINGTON INVESTMENTS,,,,185000,,,,,T,HTML,,HOMESTEADER,UNCLE MO,PIONEERING,
,2023,Y,23FTKNOV,2023-11-07,1,1,243,243,HOODOOLAND,HOODOOLAND,,,2019-05-11,2019,4,DKB,F,,B,,,KY,MEDAGLIA D'ORO,MEDAGLIA D'ORO,THEYCALLMELADYLUCK,THEYCALLMELADYLUCK,DIXIE UNION,DIXIE UNION,,,,0,,,1901-01-01,TAYLOR MADE SALES AGENCY AGENT XIX,,,,GREEN LANTERN STABLES LLC PATRICK MASSON,,,,700000,,,,,T,HTML,,THEYCALLMELADYLUCK,MEDAGLIA D'ORO,DIXIE UNION,
,2023,Y,23FTKNOV,2023-11-07,1,1,244,244,HOT PEPPERS,HOT PEPPERS,,,2019-04-09,2019,4,B,F,,RB,,,FL,KHOZAN,KHOZAN,FRIENDS PRO,FRIENDS PRO,FRIENDS LAKE,FRIENDS LAKE,,,,0,,,1901-01-01,ELITE AGENT,,,,OUT,,,,0,,,,,T,HTML,,FRIENDS PRO,KHOZAN,FRIENDS LAKE,
,2023,Y,23FTKNOV,2023-11-07,1,1,245,245,HOWDYOUMAKEURMONEY,HOWDYOUMAKEURMONEY,,,2019-02-26,2019,4,B,F,,BP,,,NY,FREUD,FREUD,EXCLUSIVELY YOURS,EXCLUSIVELY YOURS,ELUSIVE QUALITY,ELUSIVE QUALITY,,,,0,,,1901-01-01,ELITE AGENT,,,,HOWSON AND HOUNDSWORTH BDSTK,,,,135000,,https://vimeo.com/881378330?share=copy,,,T,HTML,,EXCLUSIVELY YOURS,FREUD,ELUSIVE QUALITY,
,2023,Y,23FTKNOV,2023-11-07,1,1,246,246,SOSUA,SOSUA,,,2017-04-08,2017,6,GRR,M,,B,,,KY,SPEIGHTSTOWN,SPEIGHTSTOWN,CARA MARIE,CARA MARIE,UNBRIDLED'S SONG,UNBRIDLED'S SONG,,,,0,,,1901-01-01,BLUEWATER SALES LLC AGENT VIII,,,,BLANDFORD BLOODSTOCK LTD,,,,560000,,,,,T,HTML,,CARA MARIE,SPEIGHTSTOWN,UNBRIDLED'S SONG,
,2023,Y,23FTKNOV,2023-11-07,1,1,247,247,FUN AND FEISTY,FUN AND FEISTY,,,2020-03-06,2020,3,DKB,F,,RB,,,KY,MIDSHIPMAN,MIDSHIPMAN,GROUSE GRIND,GROUSE GRIND,FIRST SAMURAI,FIRST SAMURAI,,,,0,,,1901-01-01,GAINESWAY AGENT VIII,,,,SPENDTHRIFT FARM LLC,,,,300000,,,,,T,HTML,,GROUSE GRIND,MIDSHIPMAN,FIRST SAMURAI,
,2023,Y,23FTKNOV,2023-11-07,1,1,248,248,AL ULA PRINCESS,AL ULA PRINCESS,,,2020-02-19,2020,3,GRR,F,,B,,,KY,TAPWRIT,TAPWRIT,SHEZA SMOKE SHOW,SHEZA SMOKE SHOW,WILKO,WILKO,,,,0,,,1901-01-01,GAINESWAY AGENT IX,,,,NOT SOLD,,,,245000,,,,,T,HTML,,SHEZA SMOKE SHOW,TAPWRIT,WILKO,
,2023,Y,23FTKNOV,2023-11-07,1,1,249,249,SUSIE'S BABY,SUSIE'S BABY,,,2012-03-30,2012,11,GRR,M,,B,,,KY,GIANT'S CAUSEWAY,GIANT'S CAUSEWAY,MEKKO HOKTE,MEKKO HOKTE,HOLY BULL,HOLY BULL,,,,0,,,1901-01-01,TAYLOR MADE SALES AGENCY AGENT XLV,,,,OUT,,,,0,,,,,T,HTML,,MEKKO HOKTE,GIANT'S CAUSEWAY,HOLY BULL,
,2023,Y,23FTKNOV,2023-11-07,1,1,250,250,NICKNAME,NICKNAME,,,2013-02-03,2013,10,DKB,M,,B,,,KY,SCAT DADDY,SCAT DADDY,NINA FEVER,NINA FEVER,BORREGO,BORREGO,,,,0,,,1901-01-01,DENALI STUD AGENT III,,,,NOT SOLD,,,,1450000,,,,,T,HTML,,NINA FEVER,SCAT DADDY,BORREGO,
,2023,Y,23FTKNOV,2023-11-07,1,1,251,251,WON HAPPY MAMA,WON HAPPY MAMA,,,2021-04-18,2021,2,DKB,F,,RB,,,IA,RUNHAPPY,RUNHAPPY,VICARIOUS WON,VICARIOUS WON,ELUSIVE QUALITY,ELUSIVE QUALITY,,,,0,,,1901-01-01,WYNNSTAY SALES AGENT VI,,,,OUT,,,,0,,,,,T,HTML,,VICARIOUS WON,RUNHAPPY,ELUSIVE QUALITY,
,2023,Y,23FTKNOV,2023-11-07,1,1,252,252,DEFINING HOPE,DEFINING HOPE,,,2014-03-27,2014,9,DKB,M,,B,,,IN,STRONG HOPE,STRONG HOPE,ON THE POINT,ON THE POINT,POINT GIVEN,POINT GIVEN,,,,0,,,1901-01-01,GAINESWAY AGENT X,,,,OUT,,,,0,,,,,T,HTML,,ON THE POINT,STRONG HOPE,POINT GIVEN,
,2023,Y,23FTKNOV,2023-11-07,1,1,253,253,HAPPY SOUL,HAPPY SOUL,,,2019-05-09,2019,4,B,F,,RB,,,KY,RUNHAPPY,RUNHAPPY,COWGIRL LUCKY,COWGIRL LUCKY,STEPHEN GOT EVEN,STEPHEN GOT EVEN,,,,0,,,1901-01-01,DENALI STUD AGENT IV,,,,NOT SOLD,,,,575000,,,,,T,HTML,,COWGIRL LUCKY,RUNHAPPY,STEPHEN GOT EVEN,
,2023,Y,23FTKNOV,2023-11-07,1,1,254,254,TONI TOOLS,TONI TOOLS,,,2014-02-05,2014,9,B,M,,B,,,NY,ROARING FEVER,ROARING FEVER,PATINE,PATINE,SMART STRIKE,SMART STRIKE,,,,0,,,1901-01-01,ELITE AGENT,,,,H ALBINA AGENT FOR NEWTOWNANNER,,,,330000,,https://vimeo.com/881160120?share=copy,,,T,HTML,,PATINE,ROARING FEVER,SMART STRIKE,
,2023,Y,23FTKNOV,2023-11-07,1,1,255,255,ONE MORE KELLY,ONE MORE KELLY,,,2019-06-05,2019,4,B,F,,RB,,,PA,NOT THIS TIME,NOT THIS TIME,KELLY MAC,KELLY MAC,THUNDER GULCH,THUNDER GULCH,,,,0,,,1901-01-01,POPE MCLEAN (CRESTWOOD FARM) AGENT III,,,,OUT,,,,0,,,,,T,HTML,,KELLY MAC,NOT THIS TIME,THUNDER GULCH,
,2023,Y,23FTKNOV,2023-11-07,1,1,256,256,No Horse,No Horse,,,2023-05-26,2023,0,B,C,,W,,,KY,MAXIMUS MISCHIEF,MAXIMUS MISCHIEF,BIENVENUE,BIENVENUE,CONNECT,CONNECT,,,,0,,,1901-01-01,BLUEWATER SALES LLC AGENT XI,,,,OUT,,,,0,,,,,T,HTML,,BIENVENUE,MAXIMUS MISCHIEF,CONNECT,
,2023,Y,23FTKNOV,2023-11-07,1,1,257,257,HOPPA,HOPPA,,,2016-04-07,2016,7,B,M,,B,,,KY,UNCLE MO,UNCLE MO,HANDOVERTHECAT,HANDOVERTHECAT,TALE OF THE CAT,TALE OF THE CAT,,,,0,,,1901-01-01,HILL 'N' DALE AT XALAPA AGENT,,,,NOT SOLD,,,,1900000,,https://vimeo.com/880778851?share=copy,,,T,HTML,,HANDOVERTHECAT,UNCLE MO,TALE OF THE CAT,
,2023,Y,23FTKNOV,2023-11-07,1,1,258,258,BROOKLYNSWAY,BROOKLYNSWAY,,,2012-03-21,2012,11,DKB,M,,B,,,ON,GIANT GIZMO,GIANT GIZMO,EXPLOSIVE STORY,EXPLOSIVE STORY,RADIO STAR,RADIO STAR,,,,0,,,1901-01-01,TAYLOR MADE SALES AGENCY AGENT XLVI,,,,NOT SOLD,,,,1200000,,https://youtu.be/eMwK9jl7b_Y,,,T,HTML,,EXPLOSIVE STORY,GIANT GIZMO,RADIO STAR,
,2023,Y,23FTKNOV,2023-11-07,1,1,259,259,NEW NARRATION,NEW NARRATION,,,2015-04-29,2015,8,GRR,M,,B,,,KY,TAPIT,TAPIT,NEW NORMAL,NEW NORMAL,FORESTRY,FORESTRY,,,,0,,,1901-01-01,SEQUEL NEW YORK AGENT,,,,SUMMER WIND EQUINE,,,,850000,,,,,T,HTML,,NEW NORMAL,TAPIT,FORESTRY,
,2023,Y,23FTKNOV,2023-11-07,1,1,260,260,HAUGHTY,HAUGHTY,,,2019-02-26,2019,4,B,F,,BP,,,KY,EMPIRE MAKER,EMPIRE MAKER,SOARING EMOTIONS,SOARING EMOTIONS,KINGMAMBO,KINGMAMBO,,,,0,,,1901-01-01,GAINESWAY AGENT XI,,,,KIA-ORA STUD AUSTRALIA,,,,850000,,,,,T,HTML,,SOARING EMOTIONS,EMPIRE MAKER,KINGMAMBO,
,2023,Y,23FTKNOV,2023-11-07,1,1,261,261,ADORABELLA,ADORABELLA,,,2016-03-16,2016,7,DKB,M,,B,,,KY,GHOSTZAPPER,GHOSTZAPPER,ALYDORABLE,ALYDORABLE,ARCH,ARCH,,,,0,,,1901-01-01,GRACIE BLOODSTOCK AGENT,,,,LC RACING,,,,550000,,,,,T,HTML,,ALYDORABLE,GHOSTZAPPER,ARCH,
,2023,Y,23FTKNOV,2023-11-07,1,1,262,262,PRACTICA CAT (CHI),PRACTICA CAT (CHI),,,2019-09-15,2019,4,DKB,F,,RB,,,CHI,PRACTICAL JOKE,PRACTICAL JOKE,PATTISUNBRIDLEDCAT,PATTISUNBRIDLEDCAT,UNBRIDLED'S SONG,UNBRIDLED'S SONG,,,,0,,,1901-01-01,HIGHGATE SALES AGENT V,,,,PACA PACA FARM,,,,120000,,,,,T,HTML,,PATTISUNBRIDLEDCAT,PRACTICAL JOKE,UNBRIDLED'S SONG,
,2023,Y,23FTKNOV,2023-11-07,1,1,263,263,YUKI (CHI),YUKI (CHI),,,2019-07-08,2019,4,GRR,F,,RB,,,CHI,THE LUMBER GUY,THE LUMBER GUY,DONA MILLY (CHI),DONA MILLY (CHI),DISTORTED ECONOMY,DISTORTED ECONOMY,,,,0,,,1901-01-01,HIGHGATE SALES AGENT VI,,,,OUT,,,,0,,,,,T,HTML,,DONA MILLY (CHI),THE LUMBER GUY,DISTORTED ECONOMY,
,2023,Y,23FTKNOV,2023-11-07,1,1,264,264,STRONG INCENTIVE,STRONG INCENTIVE,,,2012-03-09,2012,11,B,M,,B,,,ON,WARRIOR'S REWARD,WARRIOR'S REWARD,G G'S DOLLY,G G'S DOLLY,COMIC STRIP,COMIC STRIP,,,,0,,,1901-01-01,ELITE AGENT,,,,ALPHA DELTA STABLES,,,,2150000,,,,,T,HTML,,G G'S DOLLY,WARRIOR'S REWARD,COMIC STRIP,
,2023,Y,23FTKNOV,2023-11-07,1,1,265,265,CEILING CRUSHER,CEILING CRUSHER,,,2020-04-28,2020,3,B,F,,RB,,,CA,MR. BIG,MR. BIG,PALISADESPRINCESS,PALISADESPRINCESS,INDIAN CHARLIE,INDIAN CHARLIE,,,,0,,,1901-01-01,TAYLOR MADE SALES AGENCY AGENT XCIX,,,,KATSUMI YOSHIDA,,,,750000,,,,,T,HTML,,PALISADESPRINCESS,MR. BIG,INDIAN CHARLIE,
,2023,Y,23FTKNOV,2023-11-07,1,1,266,266,No Horse,No Horse,,,2023-03-23,2023,0,B,F,,W,,,KY,AUTHENTIC,AUTHENTIC,MARKETPLACE,MARKETPLACE,STORMY ATLANTIC,STORMY ATLANTIC,,,,0,,,1901-01-01,TAYLOR MADE SALES AGENCY AGENT XLV,,,,DELTA STABLES,,,,200000,,,,,T,HTML,,MARKETPLACE,AUTHENTIC,STORMY ATLANTIC,
,2023,Y,23FTKNOV,2023-11-07,1,1,267,267,No Horse,No Horse,,,2023-04-03,2023,0,DKB,C,,W,,,KY,MUNNINGS,MUNNINGS,OH MAYBE BABY,OH MAYBE BABY,HARLAN'S HOLIDAY,HARLAN'S HOLIDAY,,,,0,,,1901-01-01,TAYLOR MADE SALES AGENCY AGENT XLV,,,,JAMES LAYDEN,,,,100000,,,,,T,HTML,,OH MAYBE BABY,MUNNINGS,HARLAN'S HOLIDAY,
,2023,Y,23FTKNOV,2023-11-07,1,1,268,268,No Horse,No Horse,,,2023-03-08,2023,0,B,C,,W,,,KY,INTO MISCHIEF,INTO MISCHIEF,DAY OF VICTORY,DAY OF VICTORY,VICTORY GALLOP,VICTORY GALLOP,,,,0,,,1901-01-01,TAYLOR MADE SALES AGENCY AGENT XLV,,,,CHERRY KNOLL FARM,,,,500000,,,,,T,HTML,,DAY OF VICTORY,INTO MISCHIEF,VICTORY GALLOP,
,2023,Y,23FTKNOV,2023-11-07,1,1,269,269,MYLADY (GER),MYLADY (GER),,,2019-03-14,2019,4,GRR,F,,BP,,,GER,THE GREY GATSBY (IRE),THE GREY GATSBY (IRE),MINORIS (FR),MINORIS (FR),DABIRSIM (FR),DABIRSIM (FR),,,,0,,,1901-01-01,LANE'S END AGENT,,,,NOT SOLD,,,,475000,,,,,T,HTML,,MINORIS (FR),THE GREY GATSBY (IRE),DABIRSIM (FR),
,2023,Y,23FTKNOV,2023-11-07,1,1,270,270,MALIBU MISCHIEF,MALIBU MISCHIEF,,,2016-03-03,2016,7,B,M,,B,,,KY,GOLDENCENTS,GOLDENCENTS,CHANA'S GIRL,CHANA'S GIRL,MALIBU MOON,MALIBU MOON,,,,0,,,1901-01-01,PARAMOUNT SALES AGENT I,,,,LEGACY RANCH INC,,,,380000,,,,,T,HTML,,CHANA'S GIRL,GOLDENCENTS,MALIBU MOON,
,2023,Y,23FTKNOV,2023-11-07,1,1,271,271,MAKE THE BOYS WINK,MAKE THE BOYS WINK,,,2020-02-23,2020,3,DKB,F,,RB,,,KY,MORE THAN READY,MORE THAN READY,PACIFIC PINK,PACIFIC PINK,PRIVATE VOW,PRIVATE VOW,,,,0,,,1901-01-01,DENALI STUD AGENT III,,,,GIGI STABLES,,,,450000,,,,,T,HTML,,PACIFIC PINK,MORE THAN READY,PRIVATE VOW,
