SALEYEAR,SALETYPE,SALECODE,SALEDATE,BOOK,DAY,HIP,HIPNUM,HORSE,CHORSE,RATING,TATTOO,DATEFOAL,YEARFOAL,AGE,COLOR,SEX,GAIT,TYPE,RECORD,ET,ELIG,SIRE,CSIRE,DAM,CDAM,SIREOFDAM,CSIREOFDAM,DAMOFDAM,CDAMOFDAM,DAMTATT,DAMYOF,DDAMTATT,BREDTO,LASTBRED,CONSLNAME,CONSNO,PEMCODE,PURFNAME,PURLNAME,SBCITY,SBSTATE,SBCOUNTRY,PRICE,CURRENCY,URL,NFFM,PRIVATESALE,BREED,UTT,STATUS,TDAM,tSire,tSireofdam,url-ut
2022,Y,22FTSARNYB,2022-08-14,1,1,301,301,No Horse,No Horse,,,2021-03-24,2021,1,DKB,F,,Y,,,NY,MALIBU MOON,MALIBU MOON,HADRIANA,HADRIANA,BODEMEISTER,BODEMEISTER,,,,0,,,1901-01-01,TURNING POINT BLOODSTOCK AGENT,,,,PATHFINDER STABLE,,,,35000,,,,,T,0.0,,HADRIANA,MALIBU MOON,BODEMEISTER,
2022,Y,22FTSARNYB,2022-08-14,1,1,302,302,No Horse,No Horse,,,2021-03-05,2021,1,GRR,C,,Y,,,NY,KANTHAROS,KANTHAROS,HEAVENLY SCORE,HEAVENLY SCORE,EVEN THE SCORE,EVEN THE SCORE,,,,0,,,1901-01-01,DENALI STUD AGENT X,,,,NOT SOLD,,,,19000,,,,,T,0.0,,HEAVENLY SCORE,KANTHAROS,EVEN THE SCORE,
2022,Y,22FTSARNYB,2022-08-14,1,1,303,303,No Horse,No Horse,,,2021-03-05,2021,1,CH,C,,Y,,,NY,SOLOMINI,SOLOMINI,HEAVEN'S HUMOR,HEAVEN'S HUMOR,DROSSELMEYER,DROSSELMEYER,,,,0,,,1901-01-01,MCMAHON OF SARATOGA THOROUGHBREDS LLC AGENT,,,,NOT SOLD,,,,47000,,,,,T,0.0,,HEAVEN'S HUMOR,SOLOMINI,DROSSELMEYER,
2022,Y,22FTSARNYB,2022-08-14,1,1,304,304,No Horse,No Horse,,,2021-02-24,2021,1,B,F,,Y,,,NY,FROSTED,FROSTED,HELOTES,HELOTES,PAYNTER,PAYNTER,,,,0,,,1901-01-01,TURNING POINT BLOODSTOCK AGENT,,,,KINGS EQUINE,,,,38000,,,,,T,0.0,,HELOTES,FROSTED,PAYNTER,
2022,Y,22FTSARNYB,2022-08-14,1,1,305,305,No Horse,No Horse,,,2021-03-26,2021,1,B,C,,Y,,,NY,BOLT D'ORO,BOLT D'ORO,HOLIDAY WISHES,HOLIDAY WISHES,HARLAN'S HOLIDAY,HARLAN'S HOLIDAY,,,,0,,,1901-01-01,RFHF BLOODSTOCK LLC AGENT,,,,NEW PROJECTS,,,,80000,,,,,T,0.0,,HOLIDAY WISHES,BOLT D'ORO,HARLAN'S HOLIDAY,
2022,Y,22FTSARNYB,2022-08-14,1,1,306,306,No Horse,No Horse,,,2021-03-22,2021,1,CH,C,,Y,,,NY,SOLOMINI,SOLOMINI,HOLLY'S STAR,HOLLY'S STAR,DUBLIN,DUBLIN,,,,0,,,1901-01-01,DENALI STUD AGENT XI,,,,NOT SOLD,,,,105000,,,,,T,0.0,,HOLLY'S STAR,SOLOMINI,DUBLIN,
2022,Y,22FTSARNYB,2022-08-14,1,1,307,307,No Horse,No Horse,,,2021-02-11,2021,1,B,F,,Y,,,NY,ALGORITHMS,ALGORITHMS,HUG DOC,HUG DOC,MEDAGLIA D'ORO,MEDAGLIA D'ORO,,,,0,,,1901-01-01,MCMAHON OF SARATOGA THOROUGHBREDS LLC AGENT,,,,TEAM FUN,,,,30000,,,,,T,0.0,,HUG DOC,ALGORITHMS,MEDAGLIA D'ORO,
2022,Y,22FTSARNYB,2022-08-14,1,1,308,308,No Horse,No Horse,,,2021-02-24,2021,1,CH,F,,Y,,,NY,CATALINA CRUISER,CATALINA CRUISER,I DAZZLE,I DAZZLE,HOLD THAT TIGER,HOLD THAT TIGER,,,,0,,,1901-01-01,FOUR STAR SALES AGENT,,,,CHEYENNE STABLES LLC,,,,150000,,,,,T,0.0,,I DAZZLE,CATALINA CRUISER,HOLD THAT TIGER,
2022,Y,22FTSARNYB,2022-08-14,1,1,309,309,No Horse,No Horse,,,2021-03-05,2021,1,GRR,C,,Y,,,NY,DESTIN,DESTIN,I DRINK ALONE,I DRINK ALONE,INTIDAB,INTIDAB,,,,0,,,1901-01-01,FOUR STAR SALES AGENT,,,,BEN MCELROY AGT. FOR SMART CHOICE STABLES/CHRIS CARNEY,,,,175000,,,,,T,0.0,,I DRINK ALONE,DESTIN,INTIDAB,
2022,Y,22FTSARNYB,2022-08-14,1,1,310,310,No Horse,No Horse,,,2021-02-03,2021,1,B,F,,Y,,,NY,SOLOMINI,SOLOMINI,IMPISHNESS,IMPISHNESS,INTO MISCHIEF,INTO MISCHIEF,,,,0,,,1901-01-01,BALLYSAX BLOODSTOCK AGENT I,,,,OUT,,,,0,,,,,T,0.0,,IMPISHNESS,SOLOMINI,INTO MISCHIEF,
2022,Y,22FTSARNYB,2022-08-14,1,1,311,311,No Horse,No Horse,,,2021-01-20,2021,1,DKB,F,,Y,,,NY,LAOBAN,LAOBAN,IN THE JEANS,IN THE JEANS,UNION RAGS,UNION RAGS,,,,0,,,1901-01-01,DENALI STUD AGENT VII,,,,GRASSROOTS TRN & SALES LLC,,,,37000,,,,,T,0.0,,IN THE JEANS,LAOBAN,UNION RAGS,
2022,Y,22FTSARNYB,2022-08-14,1,1,312,312,No Horse,No Horse,,,2021-02-18,2021,1,B,C,,Y,,,NY,VINO ROSSO,VINO ROSSO,IT'S ALL ME,IT'S ALL ME,CONGRATS,CONGRATS,,,,0,,,1901-01-01,PERRONE SALES LTD. AGENT,,,,EAC RACING STABLE,,,,20000,,,,,T,0.0,,IT'S ALL ME,VINO ROSSO,CONGRATS,
2022,Y,22FTSARNYB,2022-08-14,1,1,313,313,No Horse,No Horse,,,2021-04-09,2021,1,DKB,C,,Y,,,NY,MITOLE,MITOLE,IWASREADYYESTERDAY,IWASREADYYESTERDAY,MORE THAN READY,MORE THAN READY,,,,0,,,1901-01-01,SEQUEL NEW YORK AGENT,,,,KINGS EQUINE,,,,115000,,,,,T,0.0,,IWASREADYYESTERDAY,MITOLE,MORE THAN READY,
2022,Y,22FTSARNYB,2022-08-14,1,1,314,314,No Horse,No Horse,,,2021-03-21,2021,1,GRR,C,,Y,,,NY,BOLT D'ORO,BOLT D'ORO,JUDGE LEE,JUDGE LEE,STREET CRY (IRE),STREET CRY (IRE),,,,0,,,1901-01-01,GAINESWAY AGENT I,,,,GREG MARTIN AGENT,,,,355000,,,,,T,0.0,,JUDGE LEE,BOLT D'ORO,STREET CRY (IRE),
2022,Y,22FTSARNYB,2022-08-14,1,1,315,315,No Horse,No Horse,,,2021-03-05,2021,1,B,C,,Y,,,NY,VIOLENCE,VIOLENCE,JUDY'S CHANCE,JUDY'S CHANCE,FIRST DUDE,FIRST DUDE,,,,0,,,1901-01-01,VINERY SALES AGENT XVI,,,,OUT,,,,0,,,,,T,0.0,,JUDY'S CHANCE,VIOLENCE,FIRST DUDE,
2022,Y,22FTSARNYB,2022-08-14,1,1,316,316,No Horse,No Horse,,,2021-03-15,2021,1,B,F,,Y,,,NY,MITOLE,MITOLE,KATS GIRL CALA,KATS GIRL CALA,LEMON DROP KID,LEMON DROP KID,,,,0,,,1901-01-01,MARSHALL W. SILVERMAN AGENT,,,,NIALL BRENNAN FOR J.R. INTERNATIONAL,,,,110000,,,,,T,0.0,,KATS GIRL CALA,MITOLE,LEMON DROP KID,
2022,Y,22FTSARNYB,2022-08-14,1,1,317,317,No Horse,No Horse,,,2021-02-17,2021,1,B,C,,Y,,,NY,MO TOWN,MO TOWN,KELLY'S PRIZE,KELLY'S PRIZE,PURE PRIZE,PURE PRIZE,,,,0,,,1901-01-01,VINERY SALES AGENT FOR ALLEN C. HALLETT,,,,CHALK RACING,,,,67000,,,,,T,0.0,,KELLY'S PRIZE,MO TOWN,PURE PRIZE,
2022,Y,22FTSARNYB,2022-08-14,1,1,318,318,No Horse,No Horse,,,2021-04-18,2021,1,B,C,,Y,,,NY,MIDSHIPMAN,MIDSHIPMAN,KIPLING'S JOY,KIPLING'S JOY,KIPLING,KIPLING,,,,0,,,1901-01-01,VINERY SALES AGENT VI,,,,BRONCO BLOODSTOCK,,,,57000,,,,,T,0.0,,KIPLING'S JOY,MIDSHIPMAN,KIPLING,
2022,Y,22FTSARNYB,2022-08-14,1,1,319,319,No Horse,No Horse,,,2021-02-26,2021,1,CH,F,,Y,,,NY,FLAMEAWAY,FLAMEAWAY,KITTENISTIC,KITTENISTIC,KITTEN'S JOY,KITTEN'S JOY,,,,0,,,1901-01-01,BLAKE-ALBINA THOROUGHBRED SERVICES LLC AGENT I,,,,ALAN BRODSKY,,,,72000,,,,Y,T,0.0,,KITTENISTIC,FLAMEAWAY,KITTEN'S JOY,
2022,Y,22FTSARNYB,2022-08-14,1,1,320,320,No Horse,No Horse,,,2021-01-22,2021,1,GRR,C,,Y,,,NY,KITTEN'S JOY,KITTEN'S JOY,KITTY FOYLE,KITTY FOYLE,TAPIT,TAPIT,,,,0,,,1901-01-01,RFHF BLOODSTOCK LLC AGENT,,,,TOM MCCROCKLIN AGENT,,,,50000,,,,,T,0.0,,KITTY FOYLE,KITTEN'S JOY,TAPIT,
2022,Y,22FTSARNYB,2022-08-14,1,1,321,321,No Horse,No Horse,,,2021-02-03,2021,1,DKB,C,,Y,,,NY,LEMON DROP KID,LEMON DROP KID,KITTY MADDNES,KITTY MADDNES,COURAGEOUS CAT,COURAGEOUS CAT,,,,0,,,1901-01-01,SUMMERFIELD (FRANCIS & BARBARA VANLANGENDONCK) AGENT,,,,WINDYLEA FARM LLC,,,,60000,,,,,T,0.0,,KITTY MADDNES,LEMON DROP KID,COURAGEOUS CAT,
2022,Y,22FTSARNYB,2022-08-14,1,1,322,322,No Horse,No Horse,,,2021-03-05,2021,1,GRR,C,,Y,,,NY,ARROGATE,ARROGATE,KITTY PANDA,KITTY PANDA,SKY MESA,SKY MESA,,,,0,,,1901-01-01,TAYLOR MADE SALES AGENCY AGENT LXX,,,,C. CLEMENT AS AGENT,,,,130000,,,,,T,0.0,,KITTY PANDA,ARROGATE,SKY MESA,
2022,Y,22FTSARNYB,2022-08-14,1,1,323,323,No Horse,No Horse,,,2021-03-27,2021,1,DKB,F,,Y,,,NY,MALIBU MOON,MALIBU MOON,LA AFICIONADA,LA AFICIONADA,MEDAGLIA D'ORO,MEDAGLIA D'ORO,,,,0,,,1901-01-01,RFHF BLOODSTOCK LLC AGENT,,,,OUT,,,,0,,,,,T,0.0,,LA AFICIONADA,MALIBU MOON,MEDAGLIA D'ORO,
2022,Y,22FTSARNYB,2022-08-14,1,1,324,324,No Horse,No Horse,,,2021-03-08,2021,1,DKB,F,,Y,,,NY,MO TOWN,MO TOWN,LA CONDESA,LA CONDESA,FREUD,FREUD,,,,0,,,1901-01-01,VINERY SALES AGENT XIV,,,,GRASSROOTS TRN & SALES LLC,,,,50000,,,,,T,0.0,,LA CONDESA,MO TOWN,FREUD,
2022,Y,22FTSARNYB,2022-08-14,1,1,325,325,No Horse,No Horse,,,2021-03-13,2021,1,DKB,F,,Y,,,NY,VIOLENCE,VIOLENCE,LADY APHRODITE,LADY APHRODITE,GIANT'S CAUSEWAY,GIANT'S CAUSEWAY,,,,0,,,1901-01-01,BLUEWATER SALES LLC AGENT VIII,,,,NOT SOLD,,,,79000,,,,,T,0.0,,LADY APHRODITE,VIOLENCE,GIANT'S CAUSEWAY,
2022,Y,22FTSARNYB,2022-08-14,1,1,326,326,No Horse,No Horse,,,2021-02-19,2021,1,B,C,,Y,,,NY,WAR DANCER,WAR DANCER,LADY CAMILLE,LADY CAMILLE,DESERT PARTY,DESERT PARTY,,,,0,,,1901-01-01,VINERY SALES AGENT VIII,,,,OUT,,,,0,,,,,T,0.0,,LADY CAMILLE,WAR DANCER,DESERT PARTY,
2022,Y,22FTSARNYB,2022-08-14,1,1,327,327,No Horse,No Horse,,,2021-04-04,2021,1,CH,C,,Y,,,NY,GOOD MAGIC,GOOD MAGIC,LADY IN SHADES,LADY IN SHADES,CONGRATS,CONGRATS,,,,0,,,1901-01-01,TAYLOR MADE SALES AGENCY AGENT LXX,,,,MIKE RYAN AGENT,,,,225000,,,,,T,0.0,,LADY IN SHADES,GOOD MAGIC,CONGRATS,
2022,Y,22FTSARNYB,2022-08-14,1,1,328,328,No Horse,No Horse,,,2021-03-28,2021,1,DKB,F,,Y,,,NY,LAOBAN,LAOBAN,LADY LUCIANO,LADY LUCIANO,FROST GIANT,FROST GIANT,,,,0,,,1901-01-01,THOMAS J. GALLO III SALES AGENCY AGENT,,,,OUT,,,,0,,,,,T,0.0,,LADY LUCIANO,LAOBAN,FROST GIANT,
2022,Y,22FTSARNYB,2022-08-14,1,1,329,329,No Horse,No Horse,,,2021-04-14,2021,1,CH,C,,Y,,,NY,MENDELSSOHN,MENDELSSOHN,LAKE TOCCET,LAKE TOCCET,TOCCET,TOCCET,,,,0,,,1901-01-01,GAINESWAY AGENT II,,,,NOT SOLD,,,,29000,,,,,T,0.0,,LAKE TOCCET,MENDELSSOHN,TOCCET,
2022,Y,22FTSARNYB,2022-08-14,1,1,330,330,No Horse,No Horse,,,2021-03-22,2021,1,B,C,,Y,,,NY,VINO ROSSO,VINO ROSSO,LAUDED,LAUDED,MEDAGLIA D'ORO,MEDAGLIA D'ORO,,,,0,,,1901-01-01,PARAMOUNT SALES AGENT III,,,,OUT,,,,0,,,,,T,0.0,,LAUDED,VINO ROSSO,MEDAGLIA D'ORO,
2022,Y,22FTSARNYB,2022-08-14,1,1,331,331,No Horse,No Horse,,,2021-02-03,2021,1,GRR,C,,Y,,,NY,LEOFRIC,LEOFRIC,LIGHT THE CAUSEWAY,LIGHT THE CAUSEWAY,GIANT'S CAUSEWAY,GIANT'S CAUSEWAY,,,,0,,,1901-01-01,VINERY SALES AGENT XX,,,,OUT,,,,0,,,,,T,0.0,,LIGHT THE CAUSEWAY,LEOFRIC,GIANT'S CAUSEWAY,
2022,Y,22FTSARNYB,2022-08-14,1,1,332,332,No Horse,No Horse,,,2021-03-23,2021,1,DKB,C,,Y,,,NY,WORLD OF TROUBLE,WORLD OF TROUBLE,LITTLE BRAVE,LITTLE BRAVE,INDIAN CHARLIE,INDIAN CHARLIE,,,,0,,,1901-01-01,FORT CHRISTOPHER'S THOROUGHBREDS LLC AGENT,,,,OUT,,,,0,,,,,T,0.0,,LITTLE BRAVE,WORLD OF TROUBLE,INDIAN CHARLIE,
2022,Y,22FTSARNYB,2022-08-14,1,1,333,333,No Horse,No Horse,,,2021-02-14,2021,1,DKB,F,,Y,,,NY,CENTRAL BANKER,CENTRAL BANKER,LIZA LU,LIZA LU,MENIFEE,MENIFEE,,,,0,,,1901-01-01,MCMAHON OF SARATOGA THOROUGHBREDS LLC AGENT,,,,SARATOGA RACE,,,,140000,,,,,T,0.0,,LIZA LU,CENTRAL BANKER,MENIFEE,
2022,Y,22FTSARNYB,2022-08-14,1,1,334,334,No Horse,No Horse,,,2021-02-06,2021,1,DKB,C,,Y,,,NY,TONALIST,TONALIST,LIZZY'S FUN,LIZZY'S FUN,D' FUNNYBONE,D' FUNNYBONE,,,,0,,,1901-01-01,HUNTER VALLEY FARM AGENT,,,,GRASSROOTS TRN & SALES LLC,,,,57000,,,,,T,0.0,,LIZZY'S FUN,TONALIST,D' FUNNYBONE,
2022,Y,22FTSARNYB,2022-08-14,1,1,335,335,No Horse,No Horse,,,2021-04-17,2021,1,CH,F,,Y,,,NY,VINO ROSSO,VINO ROSSO,LOST RAVEN,LOST RAVEN,UNCLE MO,UNCLE MO,,,,0,,,1901-01-01,VINERY SALES AGENT III,,,,THE ELKSTONE GROUP LLC,,,,125000,,,,,T,0.0,,LOST RAVEN,VINO ROSSO,UNCLE MO,
2022,Y,22FTSARNYB,2022-08-14,1,1,336,336,No Horse,No Horse,,,2021-05-12,2021,1,DKB,F,,Y,,,NY,MITOLE,MITOLE,LOVE MY GIRL,LOVE MY GIRL,EL CORREDOR,EL CORREDOR,,,,0,,,1901-01-01,MCMAHON OF SARATOGA THOROUGHBREDS LLC AGENT,,,,OUT,,,,0,,,,,T,0.0,,LOVE MY GIRL,MITOLE,EL CORREDOR,
2022,Y,22FTSARNYB,2022-08-14,1,1,337,337,No Horse,No Horse,,,2021-05-10,2021,1,DKB,F,,Y,,,NY,FLATTER,FLATTER,MAGICAL CAT (IRE),MAGICAL CAT (IRE),GIANT'S CAUSEWAY,GIANT'S CAUSEWAY,,,,0,,,1901-01-01,BLAKE-ALBINA THOROUGHBRED SERVICES LLC AGENT I,,,,NOT SOLD,,,,57000,,,,,T,0.0,,MAGICAL CAT (IRE),FLATTER,GIANT'S CAUSEWAY,
2022,Y,22FTSARNYB,2022-08-14,1,1,338,338,No Horse,No Horse,,,2021-01-28,2021,1,DKB,C,,Y,,,NY,OMAHA BEACH,OMAHA BEACH,MAGIC MISCHIEF,MAGIC MISCHIEF,INTO MISCHIEF,INTO MISCHIEF,,,,0,,,1901-01-01,PARAMOUNT SALES AGENT IV,,,,OUT,,,,0,,,,,T,0.0,,MAGIC MISCHIEF,OMAHA BEACH,INTO MISCHIEF,
2022,Y,22FTSARNYB,2022-08-14,1,1,339,339,No Horse,No Horse,,,2021-03-30,2021,1,,C,,Y,,,NY,MENDELSSOHN,MENDELSSOHN,MAGNIFICENT MARGO,MAGNIFICENT MARGO,CONGRATS,CONGRATS,,,,0,,,1901-01-01,FORT CHRISTOPHER'S THOROUGHBREDS LLC AGENT,,,,THE ELKSTONE GROUP LLC,,,,77000,,,,,T,0.0,,MAGNIFICENT MARGO,MENDELSSOHN,CONGRATS,
2022,Y,22FTSARNYB,2022-08-14,1,1,340,340,No Horse,No Horse,,,2021-04-09,2021,1,B,C,,Y,,,NY,HARD SPUN,HARD SPUN,MAID ON A MISSION,MAID ON A MISSION,STRATEGIC MISSION,STRATEGIC MISSION,,,,0,,,1901-01-01,STUART MORRIS AGENT FOR HIGHCLERE,,,,ORACLE BLOODSTOCK FOR DARK HORSE RACING,,,,80000,,,,,T,0.0,,MAID ON A MISSION,HARD SPUN,STRATEGIC MISSION,
2022,Y,22FTSARNYB,2022-08-14,1,1,341,341,No Horse,No Horse,,,2021-04-30,2021,1,B,F,,Y,,,NY,GOOD MAGIC,GOOD MAGIC,MAJESTIC HEAT,MAJESTIC HEAT,UNUSUAL HEAT,UNUSUAL HEAT,,,,0,,,1901-01-01,VINERY SALES AGENT IV,,,,REEVES THOROUGHBRED RACING,,,,370000,,,,,T,0.0,,MAJESTIC HEAT,GOOD MAGIC,UNUSUAL HEAT,
2022,Y,22FTSARNYB,2022-08-14,1,1,342,342,No Horse,No Horse,,,2021-04-04,2021,1,DKB,C,,Y,,,NY,STREET BOSS,STREET BOSS,MAKE TIME,MAKE TIME,EMPIRE MAKER,EMPIRE MAKER,,,,0,,,1901-01-01,PARAMOUNT SALES AGENT II,,,,OUT,,,,0,,,,,T,0.0,,MAKE TIME,STREET BOSS,EMPIRE MAKER,
2022,Y,22FTSARNYB,2022-08-14,1,1,343,343,No Horse,No Horse,,,2021-05-26,2021,1,B,C,,Y,,,NY,FREUD,FREUD,MAMA THERESA,MAMA THERESA,CARSON CITY,CARSON CITY,,,,0,,,1901-01-01,PARAMOUNT SALES AGENT I,,,,OUT,,,,0,,,,,T,0.0,,MAMA THERESA,FREUD,CARSON CITY,
2022,Y,22FTSARNYB,2022-08-14,1,1,344,344,No Horse,No Horse,,,2021-04-26,2021,1,DKB,F,,Y,,,NY,MUNNINGS,MUNNINGS,MANASSAS LASS,MANASSAS LASS,FLASHY BULL,FLASHY BULL,,,,0,,,1901-01-01,RFHF BLOODSTOCK LLC AGENT,,,,TEAM FUN,,,,125000,,,,,T,0.0,,MANASSAS LASS,MUNNINGS,FLASHY BULL,
2022,Y,22FTSARNYB,2022-08-14,1,1,345,345,No Horse,No Horse,,,2021-03-12,2021,1,B,C,,Y,,,NY,GOOD MAGIC,GOOD MAGIC,MARCELLINA D'ORO,MARCELLINA D'ORO,MEDAGLIA D'ORO,MEDAGLIA D'ORO,,,,0,,,1901-01-01,RFHF BLOODSTOCK LLC AGENT,,,,H R BLOODSTOCK,,,,140000,,,,,T,0.0,,MARCELLINA D'ORO,GOOD MAGIC,MEDAGLIA D'ORO,
2022,Y,22FTSARNYB,2022-08-14,1,1,347,347,No Horse,No Horse,,,2021-01-07,2021,1,DKB,F,,Y,,,NY,DIALED IN,DIALED IN,MARY GRACE,MARY GRACE,WILDCAT HEIR,WILDCAT HEIR,,,,0,,,1901-01-01,VINERY SALES AGENT XII,,,,GRASSROOTS TRN & SALES LLC,,,,42000,,,,,T,0.0,,MARY GRACE,DIALED IN,WILDCAT HEIR,
2022,Y,22FTSARNYB,2022-08-14,1,1,348,348,No Horse,No Horse,,,2021-05-12,2021,1,DKB,F,,Y,,,NY,SPEIGHTSTOWN,SPEIGHTSTOWN,MEMENTO D'ORO,MEMENTO D'ORO,MEDAGLIA D'ORO,MEDAGLIA D'ORO,,,,0,,,1901-01-01,DENALI STUD AGENT XIII,,,,CAREM STABLES/LISA MOSER,,,,330000,,,,,T,0.0,,MEMENTO D'ORO,SPEIGHTSTOWN,MEDAGLIA D'ORO,
2022,Y,22FTSARNYB,2022-08-14,1,1,349,349,No Horse,No Horse,,,2021-02-03,2021,1,B,F,,Y,,,NY,CENTRAL BANKER,CENTRAL BANKER,MEMORIES OF MOM,MEMORIES OF MOM,INCLUDE,INCLUDE,,,,0,,,1901-01-01,HUNTER VALLEY FARM AGENT,,,,WILLIAM J PUNK JR,,,,37000,,,,,T,0.0,,MEMORIES OF MOM,CENTRAL BANKER,INCLUDE,
2022,Y,22FTSARNYB,2022-08-14,1,1,350,350,No Horse,No Horse,,,2021-04-30,2021,1,CH,F,,Y,,,NY,CANDY RIDE (ARG),CANDY RIDE (ARG),MEZAH,MEZAH,TAPIT,TAPIT,,,,0,,,1901-01-01,VINERY SALES AGENT II,,,,JESSE HOPPEL AGENT,,,,55000,,,,,T,0.0,,MEZAH,CANDY RIDE (ARG),TAPIT,
2022,Y,22FTSARNYB,2022-08-14,1,1,351,351,No Horse,No Horse,,,2021-01-31,2021,1,CH,F,,Y,,,NY,VINO ROSSO,VINO ROSSO,MGR TREASURE,MGR TREASURE,OVERANALYZE,OVERANALYZE,,,,0,,,1901-01-01,TURNING POINT BLOODSTOCK AGENT,,,,SACKATOGA STABLE,,,,155000,,,,,T,0.0,,MGR TREASURE,VINO ROSSO,OVERANALYZE,
2022,Y,22FTSARNYB,2022-08-14,1,1,352,352,No Horse,No Horse,,,2021-02-24,2021,1,B,F,,Y,,,NY,AUDIBLE,AUDIBLE,MINE AS WELL,MINE AS WELL,MINESHAFT,MINESHAFT,,,,0,,,1901-01-01,TURNING POINT BLOODSTOCK AGENT,,,,NOT SOLD,,,,60000,,,,,T,0.0,,MINE AS WELL,AUDIBLE,MINESHAFT,
2022,Y,22FTSARNYB,2022-08-14,1,1,353,353,No Horse,No Horse,,,2021-05-15,2021,1,DKB,F,,Y,,,NY,CENTRAL BANKER,CENTRAL BANKER,MISS BLARNEY STONE,MISS BLARNEY STONE,DYNAFORMER,DYNAFORMER,,,,0,,,1901-01-01,ST GEORGE SALES AGENT V,,,,ALAN BRODSKY,,,,45000,,,,,T,0.0,,MISS BLARNEY STONE,CENTRAL BANKER,DYNAFORMER,
2022,Y,22FTSARNYB,2022-08-14,1,1,354,354,No Horse,No Horse,,,2021-04-22,2021,1,CH,C,,Y,,,NY,SOLOMINI,SOLOMINI,MISS BONNIE,MISS BONNIE,OFFICER,OFFICER,,,,0,,,1901-01-01,MCMAHON OF SARATOGA THOROUGHBREDS LLC AGENT,,,,COOL HILL FARM,,,,65000,,,,,T,0.0,,MISS BONNIE,SOLOMINI,OFFICER,
2022,Y,22FTSARNYB,2022-08-14,1,1,355,355,No Horse,No Horse,,,2021-02-15,2021,1,CH,C,,Y,,,NY,FLAMEAWAY,FLAMEAWAY,MISSILETOE KISS,MISSILETOE KISS,GOLDEN MISSILE,GOLDEN MISSILE,,,,0,,,1901-01-01,BROOKDALE SALES AGENT,,,,JOSE CAMEJO,,,,90000,,https://vimeo.com/737722651,,,T,0.0,,MISSILETOE KISS,FLAMEAWAY,GOLDEN MISSILE,
2022,Y,22FTSARNYB,2022-08-14,1,1,356,356,No Horse,No Horse,,,2021-04-03,2021,1,B,F,,Y,,,NY,MAXIMUS MISCHIEF,MAXIMUS MISCHIEF,MISS MALIBU STYLE,MISS MALIBU STYLE,MALIBU MOON,MALIBU MOON,,,,0,,,1901-01-01,BLUEWATER SALES LLC AGENT V,,,,KUEBER RACING LLC,,,,167000,,,,,T,0.0,,MISS MALIBU STYLE,MAXIMUS MISCHIEF,MALIBU MOON,
2022,Y,22FTSARNYB,2022-08-14,1,1,357,357,No Horse,No Horse,,,2021-02-07,2021,1,B,F,,Y,,,NY,LAOBAN,LAOBAN,MISS NANCY,MISS NANCY,ARCH,ARCH,,,,0,,,1901-01-01,TAYLOR MADE SALES AGENCY AGENT XLIV,,,,TEAM PENNEY RACING,,,,100000,,,,,T,0.0,,MISS NANCY,LAOBAN,ARCH,
2022,Y,22FTSARNYB,2022-08-14,1,1,358,358,No Horse,No Horse,,,2021-05-03,2021,1,B,F,,Y,,,NY,SOLOMINI,SOLOMINI,MISS NARCISSIST,MISS NARCISSIST,FREUD,FREUD,,,,0,,,1901-01-01,BLAKE-ALBINA THOROUGHBRED SERVICES LLC AGENT,,,,ALAN BRODSKY,,,,28000,,,,,T,0.0,,MISS NARCISSIST,SOLOMINI,FREUD,
2022,Y,22FTSARNYB,2022-08-14,1,1,359,359,No Horse,No Horse,,,2021-04-07,2021,1,,F,,Y,,,NY,FREUD,FREUD,MIZ LYNNE KELLY,MIZ LYNNE KELLY,LANGFUHR,LANGFUHR,,,,0,,,1901-01-01,VINERY SALES AGENT FOR ALLEN C. HALLETT,,,,NOT SOLD,,,,20000,,,,,T,0.0,,MIZ LYNNE KELLY,FREUD,LANGFUHR,
2022,Y,22FTSARNYB,2022-08-14,1,1,360,360,No Horse,No Horse,,,2021-03-21,2021,1,DKB,F,,Y,,,NY,DESTIN,DESTIN,MO JUSTICE,MO JUSTICE,LEMON DROP KID,LEMON DROP KID,,,,0,,,1901-01-01,SEQUEL NEW YORK AGENT,,,,OUT,,,,0,,,,,T,0.0,,MO JUSTICE,DESTIN,LEMON DROP KID,
2022,Y,22FTSARNYB,2022-08-14,1,1,361,361,No Horse,No Horse,,,2021-04-04,2021,1,CH,F,,Y,,,NY,KANTHAROS,KANTHAROS,MOMENT OF SPEIGHT (IRE),MOMENT OF SPEIGHT (IRE),SPEIGHTSTOWN,SPEIGHTSTOWN,,,,0,,,1901-01-01,DENALI STUD AGENT V,,,,H R BLOODSTOCK,,,,100000,,,,,T,0.0,,MOMENT OF SPEIGHT (IRE),KANTHAROS,SPEIGHTSTOWN,
2022,Y,22FTSARNYB,2022-08-14,1,1,362,362,No Horse,No Horse,,,2021-02-24,2021,1,DKB,C,,Y,,,NY,VINO ROSSO,VINO ROSSO,MO MYSTERY,MO MYSTERY,UNCLE MO,UNCLE MO,,,,0,,,1901-01-01,VINERY SALES AGENT III,,,,NOT SOLD,,,,24000,,,,,T,0.0,,MO MYSTERY,VINO ROSSO,UNCLE MO,
2022,Y,22FTSARNYB,2022-08-14,1,1,363,363,No Horse,No Horse,,,2021-03-16,2021,1,DKB,C,,Y,,,NY,WORLD OF TROUBLE,WORLD OF TROUBLE,MOOLAH SCHMOOLAH,MOOLAH SCHMOOLAH,UNION RAGS,UNION RAGS,,,,0,,,1901-01-01,HIDDEN BROOK AGENT,,,,OUT,,,,0,,,,,T,0.0,,MOOLAH SCHMOOLAH,WORLD OF TROUBLE,UNION RAGS,
2022,Y,22FTSARNYB,2022-08-14,1,1,364,364,No Horse,No Horse,,,2021-04-19,2021,1,CH,F,,Y,,,NY,SOLOMINI,SOLOMINI,MORE THAN LOVE,MORE THAN LOVE,MORE THAN READY,MORE THAN READY,,,,0,,,1901-01-01,RFHF BLOODSTOCK LLC AGENT,,,,TOM MCCROCKLIN AGENT,,,,37000,,,,,T,0.0,,MORE THAN LOVE,SOLOMINI,MORE THAN READY,
2022,Y,22FTSARNYB,2022-08-14,1,1,365,365,No Horse,No Horse,,,2021-03-23,2021,1,B,F,,Y,,,NY,MASTERY,MASTERY,MORROW (GB),MORROW (GB),PIVOTAL (GB),PIVOTAL (GB),,,,0,,,1901-01-01,SEQUEL NEW YORK AGENT,,,,THREE PLAYERS STABLE,,,,10000,,,,,T,0.0,,MORROW (GB),MASTERY,PIVOTAL (GB),
2022,Y,22FTSARNYB,2022-08-14,1,1,366,366,No Horse,No Horse,,,2021-02-15,2021,1,B,C,,Y,,,NY,PRACTICAL JOKE,PRACTICAL JOKE,MO SAVINGS,MO SAVINGS,UNCLE MO,UNCLE MO,,,,0,,,1901-01-01,PARAMOUNT SALES AGENT VII,,,,ECLIPSE THOROUGHBRED PARTNERS & REPOLE STABLE,,,,150000,,,,,T,0.0,,MO SAVINGS,PRACTICAL JOKE,UNCLE MO,
2022,Y,22FTSARNYB,2022-08-14,1,1,367,367,No Horse,No Horse,,,2021-03-19,2021,1,B,C,,Y,,,NY,LAOBAN,LAOBAN,MS GRETCHS DESTINY,MS GRETCHS DESTINY,DANCE TO DESTINY,DANCE TO DESTINY,,,,0,,,1901-01-01,HUNTER VALLEY FARM AGENT,,,,NOT SOLD,,,,40000,,,,,T,0.0,,MS GRETCHS DESTINY,LAOBAN,DANCE TO DESTINY,
2022,Y,22FTSARNYB,2022-08-14,1,1,368,368,No Horse,No Horse,,,2021-05-02,2021,1,CH,C,,Y,,,NY,SOLOMINI,SOLOMINI,NICOLE'S MISS EL,NICOLE'S MISS EL,ELTISH,ELTISH,,,,0,,,1901-01-01,BLAKE-ALBINA THOROUGHBRED SERVICES LLC AGENT II,,,,AUGUST DAWN FARM,,,,82000,,,,,T,0.0,,NICOLE'S MISS EL,SOLOMINI,ELTISH,
2022,Y,22FTSARNYB,2022-08-14,1,1,369,369,No Horse,No Horse,,,2021-01-15,2021,1,GRR,F,,Y,,,NY,AUDIBLE,AUDIBLE,NILE RISING,NILE RISING,PIONEEROF THE NILE,PIONEEROF THE NILE,,,,0,,,1901-01-01,DENALI STUD AGENT XII,,,,MONARCH FARMS,,,,10000,,,,,T,0.0,,NILE RISING,AUDIBLE,PIONEEROF THE NILE,
2022,Y,22FTSARNYB,2022-08-14,1,1,370,370,No Horse,No Horse,,,2021-04-06,2021,1,B,C,,Y,,,NY,AIR FORCE BLUE,AIR FORCE BLUE,NOT A PEEP,NOT A PEEP,SUCCESSFUL APPEAL,SUCCESSFUL APPEAL,,,,0,,,1901-01-01,DENALI STUD AGENT IX,,,,JOSEPH MIGLORE AGENT FOR BOB MCGEEHAN,,,,30000,,,,,T,0.0,,NOT A PEEP,AIR FORCE BLUE,SUCCESSFUL APPEAL,
2022,Y,22FTSARNYB,2022-08-14,1,1,371,371,No Horse,No Horse,,,2021-03-24,2021,1,DKB,F,,Y,,,NY,AUDIBLE,AUDIBLE,ONEBRETHATATIME,ONEBRETHATATIME,BRETHREN,BRETHREN,,,,0,,,1901-01-01,PARAMOUNT SALES AGENT IV,,,,SCANLON TRAINING & SALES,,,,190000,,,,,T,0.0,,ONEBRETHATATIME,AUDIBLE,BRETHREN,
2022,Y,22FTSARNYB,2022-08-14,1,1,372,372,No Horse,No Horse,,,2021-04-30,2021,1,B,C,,Y,,,NY,AUDIBLE,AUDIBLE,OUR HOPE DIAMOND,OUR HOPE DIAMOND,GEMOLOGIST,GEMOLOGIST,,,,0,,,1901-01-01,VINERY SALES AGENT X,,,,HORSEOLOGY,,,,100000,,,,,T,0.0,,OUR HOPE DIAMOND,AUDIBLE,GEMOLOGIST,
2022,Y,22FTSARNYB,2022-08-14,1,1,373,373,No Horse,No Horse,,,2021-04-17,2021,1,B,F,,Y,,,NY,CLASSIC EMPIRE,CLASSIC EMPIRE,OUR MARY ELIZABETH,OUR MARY ELIZABETH,CITY ZIP,CITY ZIP,,,,0,,,1901-01-01,ST GEORGE SALES AGENT V,,,,HEATHER LARSON/ANGEL ORDONEZ,,,,15000,,,,Y,T,0.0,,OUR MARY ELIZABETH,CLASSIC EMPIRE,CITY ZIP,
2022,Y,22FTSARNYB,2022-08-14,1,1,374,374,No Horse,No Horse,,,2021-03-07,2021,1,B,C,,Y,,,NY,CENTRAL BANKER,CENTRAL BANKER,OUR MISS JONES,OUR MISS JONES,ALPHABET SOUP,ALPHABET SOUP,,,,0,,,1901-01-01,MCMAHON OF SARATOGA THOROUGHBREDS LLC AGENT,,,,NOT SOLD,,,,65000,,,,,T,0.0,,OUR MISS JONES,CENTRAL BANKER,ALPHABET SOUP,
2022,Y,22FTSARNYB,2022-08-14,1,1,375,375,No Horse,No Horse,,,2021-04-14,2021,1,CH,F,,Y,,,NY,CATALINA CRUISER,CATALINA CRUISER,OUT OF DANGER,OUT OF DANGER,GHOSTZAPPER,GHOSTZAPPER,,,,0,,,1901-01-01,HUNTER VALLEY FARM AGENT,,,,NOT SOLD,,,,100000,,,,,T,0.0,,OUT OF DANGER,CATALINA CRUISER,GHOSTZAPPER,
2022,Y,22FTSARNYB,2022-08-14,1,1,376,376,No Horse,No Horse,,,2021-03-22,2021,1,B,F,,Y,,,NY,HARD SPUN,HARD SPUN,PANTSONFIRE (IRE),PANTSONFIRE (IRE),SIR PERCY (GB),SIR PERCY (GB),,,,0,,,1901-01-01,TAYLOR MADE SALES AGENCY AGENT XXII,,,,FRANK MULLINS,,,,77000,,,,,T,0.0,,PANTSONFIRE (IRE),HARD SPUN,SIR PERCY (GB),
2022,Y,22FTSARNYB,2022-08-14,1,1,377,377,No Horse,No Horse,,,2021-02-22,2021,1,B,F,,Y,,,NY,HONOR CODE,HONOR CODE,PAS DE DEUCE,PAS DE DEUCE,CURLIN,CURLIN,,,,0,,,1901-01-01,SUMMERFIELD (FRANCIS & BARBARA VANLANGENDONCK) AGENT,,,,GRASSROOTS TRN & SALES LLC,,,,32000,,,,,T,0.0,,PAS DE DEUCE,HONOR CODE,CURLIN,
2022,Y,22FTSARNYB,2022-08-14,1,1,378,378,No Horse,No Horse,,,2021-02-08,2021,1,CH,C,,Y,,,NY,HARD SPUN,HARD SPUN,PASSE,PASSE,DIXIE UNION,DIXIE UNION,,,,0,,,1901-01-01,PERRONE SALES LTD. AGENT,,,,JOE HARDOON AGENT,,,,600000,,,,,T,0.0,,PASSE,HARD SPUN,DIXIE UNION,
2022,Y,22FTSARNYB,2022-08-14,1,1,379,379,No Horse,No Horse,,,2021-01-27,2021,1,CH,C,,Y,,,NY,MUNNINGS,MUNNINGS,PERFECT PACKAGE,PERFECT PACKAGE,TIZNOW,TIZNOW,,,,0,,,1901-01-01,GAINESWAY AGENT III,,,,BRADLEY THOROUGHBREDS AGT FOR RODEO CREEK RACING,,,,300000,,,,,T,0.0,,PERFECT PACKAGE,MUNNINGS,TIZNOW,
2022,Y,22FTSARNYB,2022-08-14,1,1,380,380,No Horse,No Horse,,,2021-03-19,2021,1,B,C,,Y,,,NY,VIOLENCE,VIOLENCE,PHOENIX PARK,PHOENIX PARK,LOOKIN AT LUCKY,LOOKIN AT LUCKY,,,,0,,,1901-01-01,TURNING POINT BLOODSTOCK AGENT,,,,NOT SOLD,,,,32000,,,,,T,0.0,,PHOENIX PARK,VIOLENCE,LOOKIN AT LUCKY,
2022,Y,22FTSARNYB,2022-08-14,1,1,381,381,No Horse,No Horse,,,2021-03-08,2021,1,CH,C,,Y,,,NY,SOLOMINI,SOLOMINI,PLINKING,PLINKING,TALKIN MAN,TALKIN MAN,,,,0,,,1901-01-01,RFHF BLOODSTOCK LLC AGENT,,,,NOT SOLD,,,,32000,,,,,T,0.0,,PLINKING,SOLOMINI,TALKIN MAN,
2022,Y,22FTSARNYB,2022-08-14,1,1,382,382,No Horse,No Horse,,,2021-02-21,2021,1,GRR,C,,Y,,,NY,TAPWRIT,TAPWRIT,POCKET OF ACES,POCKET OF ACES,HARLAN'S HOLIDAY,HARLAN'S HOLIDAY,,,,0,,,1901-01-01,PARAMOUNT SALES AGENT V,,,,NOT SOLD,,,,27000,,,,,T,0.0,,POCKET OF ACES,TAPWRIT,HARLAN'S HOLIDAY,
2022,Y,22FTSARNYB,2022-08-14,1,1,383,383,No Horse,No Horse,,,2021-02-25,2021,1,B,C,,Y,,,NY,NOT THIS TIME,NOT THIS TIME,POLA GOLDEN R N,POLA GOLDEN R N,GOLDEN MISSILE,GOLDEN MISSILE,,,,0,,,1901-01-01,PARAMOUNT SALES AGENT V,,,,NEW PROJECTS,,,,40000,,,,,T,0.0,,POLA GOLDEN R N,NOT THIS TIME,GOLDEN MISSILE,
2022,Y,22FTSARNYB,2022-08-14,1,1,384,384,No Horse,No Horse,,,2021-05-12,2021,1,B,C,,Y,,,NY,TAPITURE,TAPITURE,POSITIVELY JEAN,POSITIVELY JEAN,MIDSHIPMAN,MIDSHIPMAN,,,,0,,,1901-01-01,STUART MORRIS AGENT FOR WALDORF FARM ET AL,,,,NOT SOLD,,,,47000,,,,,T,0.0,,POSITIVELY JEAN,TAPITURE,MIDSHIPMAN,
2022,Y,22FTSARNYB,2022-08-14,1,1,385,385,No Horse,No Horse,,,2021-05-05,2021,1,CH,F,,Y,,,NY,OMAHA BEACH,OMAHA BEACH,PURPOSE OF LIFE,PURPOSE OF LIFE,MALIBU MOON,MALIBU MOON,,,,0,,,1901-01-01,SUMMERFIELD (FRANCIS & BARBARA VANLANGENDONCK) AGENT,,,,NOT SOLD,,,,62000,,,,,T,0.0,,PURPOSE OF LIFE,OMAHA BEACH,MALIBU MOON,
2022,Y,22FTSARNYB,2022-08-14,1,1,386,386,No Horse,No Horse,,,2021-03-22,2021,1,DKB,F,,Y,,,NY,AUDIBLE,AUDIBLE,PURSUING JUSTICE,PURSUING JUSTICE,TO HONOR AND SERVE,TO HONOR AND SERVE,,,,0,,,1901-01-01,HUNTER VALLEY FARM AGENT,,,,MATHIS STABLES LLC,,,,85000,,,,,T,0.0,,PURSUING JUSTICE,AUDIBLE,TO HONOR AND SERVE,
2022,Y,22FTSARNYB,2022-08-14,1,1,387,387,No Horse,No Horse,,,2021-02-17,2021,1,DKB,F,,Y,,,NY,MENDELSSOHN,MENDELSSOHN,QUEENARDINI,QUEENARDINI,BERNARDINI,BERNARDINI,,,,0,,,1901-01-01,BLUEWATER SALES LLC AGENT VIII,,,,NOT SOLD,,,,75000,,,,,T,0.0,,QUEENARDINI,MENDELSSOHN,BERNARDINI,
2022,Y,22FTSARNYB,2022-08-14,1,1,388,388,No Horse,No Horse,,,2021-04-11,2021,1,DKB,C,,Y,,,NY,SOLOMINI,SOLOMINI,QUEEN FROSTINE,QUEEN FROSTINE,GIANT'S CAUSEWAY,GIANT'S CAUSEWAY,,,,0,,,1901-01-01,VINERY SALES AGENT XIX,,,,RACING BROTHERS,,,,58000,,,,,T,0.0,,QUEEN FROSTINE,SOLOMINI,GIANT'S CAUSEWAY,
2022,Y,22FTSARNYB,2022-08-14,1,1,389,389,No Horse,No Horse,,,2021-03-17,2021,1,GRR,F,,Y,,,NY,DESTIN,DESTIN,QUEEN OF THE NIGHT (GB),QUEEN OF THE NIGHT (GB),SADLER'S WELLS,SADLER'S WELLS,,,,0,,,1901-01-01,SEQUEL NEW YORK AGENT,,,,FELD FAMILY FINDS,,,,10000,,,,,T,0.0,,QUEEN OF THE NIGHT (GB),DESTIN,SADLER'S WELLS,
2022,Y,22FTSARNYB,2022-08-14,1,1,390,390,No Horse,No Horse,,,2021-03-22,2021,1,B,F,,Y,,,NY,COLLECTED,COLLECTED,RACHEL'S BLUE MOON,RACHEL'S BLUE MOON,BODEMEISTER,BODEMEISTER,,,,0,,,1901-01-01,SEQUEL NEW YORK AGENT FOR CHESTER & MARY BROMAN,,,,JOSE LUIS MUNOZ PADILLA,,,,10000,,,,Y,T,0.0,,RACHEL'S BLUE MOON,COLLECTED,BODEMEISTER,
2022,Y,22FTSARNYB,2022-08-14,1,1,391,391,No Horse,No Horse,,,2021-04-29,2021,1,B,C,,Y,,,NY,CATHOLIC BOY,CATHOLIC BOY,RARE EDITION,RARE EDITION,STREET SENSE,STREET SENSE,,,,0,,,1901-01-01,VINERY SALES AGENT XI,,,,MICHAEL LECESSE,,,,50000,,,,,T,0.0,,RARE EDITION,CATHOLIC BOY,STREET SENSE,
2022,Y,22FTSARNYB,2022-08-14,1,1,392,392,No Horse,No Horse,,,2021-03-05,2021,1,B,F,,Y,,,NY,OSCAR PERFORMANCE,OSCAR PERFORMANCE,REACHFORTHEHEAVENS,REACHFORTHEHEAVENS,PULPIT,PULPIT,,,,0,,,1901-01-01,THORNDALE FARM AGENT,,,,BLUE CHIPS BLSK/WEST PACES/ FLYING PARTNERSORACLE BLSK,,,,350000,,,,,T,0.0,,REACHFORTHEHEAVENS,OSCAR PERFORMANCE,PULPIT,
2022,Y,22FTSARNYB,2022-08-14,1,1,393,393,No Horse,No Horse,,,2021-05-05,2021,1,B,C,,Y,,,NY,BLAME,BLAME,REAL CLEVER TRICK,REAL CLEVER TRICK,YES IT'S TRUE,YES IT'S TRUE,,,,0,,,1901-01-01,RFHF BLOODSTOCK LLC AGENT,,,,KINGS EQUINE,,,,65000,,,,,T,0.0,,REAL CLEVER TRICK,BLAME,YES IT'S TRUE,
2022,Y,22FTSARNYB,2022-08-14,1,1,394,394,No Horse,No Horse,,,2021-03-05,2021,1,CH,F,,Y,,,NY,STREET BOSS,STREET BOSS,RESOUNDINGLY,RESOUNDINGLY,STORMY ATLANTIC,STORMY ATLANTIC,,,,0,,,1901-01-01,HIBISCUS SALES,,,,NOT SOLD,,,,40000,,,,,T,0.0,,RESOUNDINGLY,STREET BOSS,STORMY ATLANTIC,
2022,Y,22FTSARNYB,2022-08-14,1,1,395,395,No Horse,No Horse,,,2021-03-29,2021,1,GRR,C,,Y,,,NY,MISSION IMPAZIBLE,MISSION IMPAZIBLE,RIGHT PREVAILS,RIGHT PREVAILS,SUCCESSFUL APPEAL,SUCCESSFUL APPEAL,,,,0,,,1901-01-01,SEQUEL NEW YORK AGENT,,,,THE ELKSTONE GROUP LLC,,,,100000,,,,,T,0.0,,RIGHT PREVAILS,MISSION IMPAZIBLE,SUCCESSFUL APPEAL,
2022,Y,22FTSARNYB,2022-08-14,1,1,396,396,No Horse,No Horse,,,2021-03-14,2021,1,DKB,F,,Y,,,NY,GUN RUNNER,GUN RUNNER,ROCKY POLICY,ROCKY POLICY,ROCK SLIDE,ROCK SLIDE,,,,0,,,1901-01-01,TAYLOR MADE SALES AGENCY AGENT VI,,,,LUGAMO RACING STABLES,,,,175000,,,,,T,0.0,,ROCKY POLICY,GUN RUNNER,ROCK SLIDE,
2022,Y,22FTSARNYB,2022-08-14,1,1,397,397,No Horse,No Horse,,,2021-03-24,2021,1,B,C,,Y,,,NY,THE FACTOR,THE FACTOR,ROMAN CERES,ROMAN CERES,ROMAN RULER,ROMAN RULER,,,,0,,,1901-01-01,SUMMERFIELD (FRANCIS & BARBARA VANLANGENDONCK) AGENT FOR TWIN FARMS STABLES,,,,BLUE LION THOROUGHBREDS,,,,90000,,,,,T,0.0,,ROMAN CERES,THE FACTOR,ROMAN RULER,
2022,Y,22FTSARNYB,2022-08-14,1,1,398,398,No Horse,No Horse,,,2021-02-05,2021,1,CH,C,,Y,,,NY,STREET BOSS,STREET BOSS,ROSE AGAIN,ROSE AGAIN,CURLIN,CURLIN,,,,0,,,1901-01-01,HUNTER VALLEY FARM AGENT,,,,NOT SOLD,,,,100000,,,,,T,0.0,,ROSE AGAIN,STREET BOSS,CURLIN,
2022,Y,22FTSARNYB,2022-08-14,1,1,399,399,No Horse,No Horse,,,2021-04-17,2021,1,CH,C,,Y,,,NY,CATALINA CRUISER,CATALINA CRUISER,ROYALE MICHELE,ROYALE MICHELE,ELUSIVE QUALITY,ELUSIVE QUALITY,,,,0,,,1901-01-01,RFHF BLOODSTOCK LLC AGENT,,,,OUT,,,,0,,,,,T,0.0,,ROYALE MICHELE,CATALINA CRUISER,ELUSIVE QUALITY,
2022,Y,22FTSARNYB,2022-08-14,1,1,400,400,No Horse,No Horse,,,2021-03-11,2021,1,GR,F,,Y,,,NY,WAR DANCER,WAR DANCER,ROYAL EXPRESS,ROYAL EXPRESS,MINESHAFT,MINESHAFT,,,,0,,,1901-01-01,SARATOGA GLEN FARM LLC AGENT,,,,ECLIPSE THOROUGHBRED PARTNERS,,,,50000,,,,,T,0.0,,ROYAL EXPRESS,WAR DANCER,MINESHAFT,
2022,Y,22FTSARNYB,2022-08-15,1,2,401,401,No Horse,No Horse,,,2021-05-26,2021,1,B,C,,Y,,,NY,LAOBAN,LAOBAN,SAINTLY ROSE,SAINTLY ROSE,GRAEME HALL,GRAEME HALL,,,,0,,,1901-01-01,MCMAHON OF SARATOGA THOROUGHBREDS LLC AGENT,,,,KIRKWOOD ADVISORY,,,,35000,,,,,T,0.0,,SAINTLY ROSE,LAOBAN,GRAEME HALL,
2022,Y,22FTSARNYB,2022-08-15,1,2,402,402,No Horse,No Horse,,,2021-02-16,2021,1,B,C,,Y,,,NY,DISTORTED HUMOR,DISTORTED HUMOR,SATURN LACE (IRE),SATURN LACE (IRE),KODIAC (GB),KODIAC (GB),,,,0,,,1901-01-01,SUMMERFIELD (FRANCIS & BARBARA VANLANGENDONCK) AGENT,,,,DEW SWEEPERS II,,,,125000,,,,,T,0.0,,SATURN LACE (IRE),DISTORTED HUMOR,KODIAC (GB),
2022,Y,22FTSARNYB,2022-08-15,1,2,403,403,No Horse,No Horse,,,2021-01-26,2021,1,DKB,F,,Y,,,NY,CONNECT,CONNECT,SAVASANA,SAVASANA,SCATMANDU,SCATMANDU,,,,0,,,1901-01-01,FORT CHRISTOPHER'S THOROUGHBREDS LLC AGENT,,,,HIDDEN BROOK AGT,,,,50000,,,,,T,0.0,,SAVASANA,CONNECT,SCATMANDU,
2022,Y,22FTSARNYB,2022-08-15,1,2,404,404,No Horse,No Horse,,,2021-04-08,2021,1,B,F,,Y,,,NY,KANTHAROS,KANTHAROS,SAYTHREEHAILMARY'S,SAYTHREEHAILMARY'S,REPENT,REPENT,,,,0,,,1901-01-01,SUMMERFIELD (FRANCIS & BARBARA VANLANGENDONCK) AGENT,,,,NOT SOLD,,,,49000,,,,,T,0.0,,SAYTHREEHAILMARY'S,KANTHAROS,REPENT,
2022,Y,22FTSARNYB,2022-08-15,1,2,405,405,No Horse,No Horse,,,2021-01-24,2021,1,CH,C,,Y,,,NY,ACCELERATE,ACCELERATE,SCAT'S LASSIE,SCAT'S LASSIE,SCAT DADDY,SCAT DADDY,,,,0,,,1901-01-01,VINERY SALES AGENT IX,,,,CHALK RACING,,,,60000,,,,,T,0.0,,SCAT'S LASSIE,ACCELERATE,SCAT DADDY,
2022,Y,22FTSARNYB,2022-08-15,1,2,406,406,No Horse,No Horse,,,2021-02-25,2021,1,B,F,,Y,,,NY,SOLOMINI,SOLOMINI,SECRET CANDY,SECRET CANDY,CANDY RIDE (ARG),CANDY RIDE (ARG),,,,0,,,1901-01-01,FORT CHRISTOPHER'S THOROUGHBREDS LLC AGENT,,,,OUT,,,,0,,,,,T,0.0,,SECRET CANDY,SOLOMINI,CANDY RIDE (ARG),
2022,Y,22FTSARNYB,2022-08-15,1,2,407,407,No Horse,No Horse,,,2021-05-14,2021,1,CH,C,,Y,,,NY,ACCELERATE,ACCELERATE,SEEKING HER GLORY,SEEKING HER GLORY,GIANT'S CAUSEWAY,GIANT'S CAUSEWAY,,,,0,,,1901-01-01,INDIAN CREEK AGENT,,,,MIKE RYAN AGENT,,,,120000,,,,,T,0.0,,SEEKING HER GLORY,ACCELERATE,GIANT'S CAUSEWAY,
2022,Y,22FTSARNYB,2022-08-15,1,2,408,408,No Horse,No Horse,,,2021-03-18,2021,1,DKB,C,,Y,,,NY,TAKE CHARGE INDY,TAKE CHARGE INDY,SHARED DREAMS (GB),SHARED DREAMS (GB),SEEKING THE GOLD,SEEKING THE GOLD,,,,0,,,1901-01-01,THORNDALE FARM AGENT,,,,BRADLEY THOROUGHBREDS AGT FOR RODEO CREEK RACING,,,,165000,,,,,T,0.0,,SHARED DREAMS (GB),TAKE CHARGE INDY,SEEKING THE GOLD,
2022,Y,22FTSARNYB,2022-08-15,1,2,409,409,No Horse,No Horse,,,2021-03-03,2021,1,DKB,C,,Y,,,NY,NOT THIS TIME,NOT THIS TIME,SHEET HUMOR,SHEET HUMOR,DISTORTED HUMOR,DISTORTED HUMOR,,,,0,,,1901-01-01,DENALI STUD AGENT I,,,,MAVERICK RACING & SIENA FARM,,,,320000,,,,,T,0.0,,SHEET HUMOR,NOT THIS TIME,DISTORTED HUMOR,
2022,Y,22FTSARNYB,2022-08-15,1,2,410,410,No Horse,No Horse,,,2021-04-23,2021,1,CH,F,,Y,,,NY,ACCELERATE,ACCELERATE,SHE'LL BE RIGHT,SHE'LL BE RIGHT,SKY MESA,SKY MESA,,,,0,,,1901-01-01,ST GEORGE SALES AGENT III,,,,WEST POINT ST. STEPHEN MICHAEL LYDEN & SCARLETTE OAK,,,,160000,,,,,T,0.0,,SHE'LL BE RIGHT,ACCELERATE,SKY MESA,
2022,Y,22FTSARNYB,2022-08-15,1,2,411,411,No Horse,No Horse,,,2021-03-24,2021,1,B,C,,Y,,,NY,NYQUIST,NYQUIST,SHERIFFA,SHERIFFA,POSSE,POSSE,,,,0,,,1901-01-01,DENALI STUD AGENT IV,,,,PHILIP ANTONACCI RACING,,,,125000,,,,,T,0.0,,SHERIFFA,NYQUIST,POSSE,
2022,Y,22FTSARNYB,2022-08-15,1,2,412,412,No Horse,No Horse,,,2021-04-10,2021,1,B,F,,Y,,,NY,LEOFRIC,LEOFRIC,SHE'S OVERANALYZED,SHE'S OVERANALYZED,OVERANALYZE,OVERANALYZE,,,,0,,,1901-01-01,HUNTER VALLEY FARM AGENT,,,,OMAR RAMIREZ,,,,65000,,,,,T,0.0,,SHE'S OVERANALYZED,LEOFRIC,OVERANALYZE,
2022,Y,22FTSARNYB,2022-08-15,1,2,414,414,No Horse,No Horse,,,2021-02-20,2021,1,B,C,,Y,,,NY,MAXIMUS MISCHIEF,MAXIMUS MISCHIEF,SHOOP,SHOOP,UNCLE MO,UNCLE MO,,,,0,,,1901-01-01,ST GEORGE SALES AGENT IV,,,,DILLIGAT,,,,60000,,,,,T,0.0,,SHOOP,MAXIMUS MISCHIEF,UNCLE MO,
2022,Y,22FTSARNYB,2022-08-15,1,2,415,415,No Horse,No Horse,,,2021-02-17,2021,1,B,C,,Y,,,NY,OUTWORK,OUTWORK,SILENCE PLEASE,SILENCE PLEASE,QUIET AMERICAN,QUIET AMERICAN,,,,0,,,1901-01-01,THORNDALE FARM AGENT FOR BERKSHIRE STUD,,,,GREGORY MARTIN,,,,20000,,,,Y,T,0.0,,SILENCE PLEASE,OUTWORK,QUIET AMERICAN,
2022,Y,22FTSARNYB,2022-08-15,1,2,416,416,No Horse,No Horse,,,2021-02-23,2021,1,B,C,,Y,,,NY,HARD SPUN,HARD SPUN,SILKEN LILY,SILKEN LILY,GRAND SLAM,GRAND SLAM,,,,0,,,1901-01-01,SUMMERFIELD (FRANCIS & BARBARA VANLANGENDONCK) AGENT FOR SUNNYFIELD FARM,,,,PATHFINDER STABLE,,,,30000,,,,Y,T,0.0,,SILKEN LILY,HARD SPUN,GRAND SLAM,
2022,Y,22FTSARNYB,2022-08-15,1,2,417,417,No Horse,No Horse,,,2021-02-18,2021,1,DKB,C,,Y,,,NY,DISCO PARTNER,DISCO PARTNER,SKY GAZER,SKY GAZER,SKY MESA,SKY MESA,,,,0,,,1901-01-01,WINTER QUARTER FARM AGENT I,,,,OUT,,,,0,,,,,T,0.0,,SKY GAZER,DISCO PARTNER,SKY MESA,
2022,Y,22FTSARNYB,2022-08-15,1,2,418,418,No Horse,No Horse,,,2021-02-15,2021,1,B,F,,Y,,,NY,GOLDENCENTS,GOLDENCENTS,SNOW,SNOW,QUALITY ROAD,QUALITY ROAD,,,,0,,,1901-01-01,TAYLOR MADE SALES AGENCY AGENT L,,,,MELISSA DICKE,,,,73000,,,,,T,0.0,,SNOW,GOLDENCENTS,QUALITY ROAD,
2022,Y,22FTSARNYB,2022-08-15,1,2,419,419,No Horse,No Horse,,,2021-02-10,2021,1,DKB,F,,Y,,,NY,MALIBU MOON,MALIBU MOON,SOLO SURVIVOR,SOLO SURVIVOR,PLEASANT TAP,PLEASANT TAP,,,,0,,,1901-01-01,ROYAL BLOODSTOCK SALES LLC AGENT,,,,NOT SOLD,,,,89000,,https://vimeo.com/739087284,,,T,0.0,,SOLO SURVIVOR,MALIBU MOON,PLEASANT TAP,
2022,Y,22FTSARNYB,2022-08-15,1,2,420,420,No Horse,No Horse,,,2021-03-12,2021,1,CH,C,,Y,,,NY,SOLOMINI,SOLOMINI,SOUL SPINNER,SOUL SPINNER,HARLINGTON,HARLINGTON,,,,0,,,1901-01-01,PARAMOUNT SALES AGENT VIII,,,,FERGUS GALVIN AGENT,,,,70000,,,,,T,0.0,,SOUL SPINNER,SOLOMINI,HARLINGTON,
2022,Y,22FTSARNYB,2022-08-15,1,2,421,421,No Horse,No Horse,,,2021-03-23,2021,1,DKB,F,,Y,,,NY,SOLOMINI,SOLOMINI,SOUTH WING,SOUTH WING,DIXIE BRASS,DIXIE BRASS,,,,0,,,1901-01-01,VINERY SALES AGENT XIII,,,,NOT SOLD,,,,24000,,,,,T,0.0,,SOUTH WING,SOLOMINI,DIXIE BRASS,
2022,Y,22FTSARNYB,2022-08-15,1,2,422,422,No Horse,No Horse,,,2021-02-03,2021,1,DKB,C,,Y,,,NY,PAYNTER,PAYNTER,SPECIAL CHARM (IRE),SPECIAL CHARM (IRE),DANSILI (GB),DANSILI (GB),,,,0,,,1901-01-01,MILL RIDGE SALES AGENT,,,,GRASSROOTS TRN & SALES LLC,,,,41000,,,,,T,0.0,,SPECIAL CHARM (IRE),PAYNTER,DANSILI (GB),
2022,Y,22FTSARNYB,2022-08-15,1,2,423,423,No Horse,No Horse,,,2021-04-16,2021,1,DKB,F,,Y,,,NY,TONALIST,TONALIST,SPEIGHTSTOWN LADY,SPEIGHTSTOWN LADY,SPEIGHTSTOWN,SPEIGHTSTOWN,,,,0,,,1901-01-01,ST GEORGE SALES AGENT VI,,,,JOSEPH MIGLIORE AGENT FOR ADELPHI RACING CLUB,,,,75000,,,,,T,0.0,,SPEIGHTSTOWN LADY,TONALIST,SPEIGHTSTOWN,
2022,Y,22FTSARNYB,2022-08-15,1,2,424,424,No Horse,No Horse,,,2021-04-16,2021,1,GRR,C,,Y,,,NY,VINO ROSSO,VINO ROSSO,SPICY TEMPER,SPICY TEMPER,UNBRIDLED'S SONG,UNBRIDLED'S SONG,,,,0,,,1901-01-01,LANE'S END AGENT,,,,QUARTER POLE ENTERPRISES LLC,,,,120000,,,,,T,0.0,,SPICY TEMPER,VINO ROSSO,UNBRIDLED'S SONG,
2022,Y,22FTSARNYB,2022-08-15,1,2,425,425,No Horse,No Horse,,,2021-04-09,2021,1,DKB,C,,Y,,,NY,MOR SPIRIT,MOR SPIRIT,SPRING ELUSION,SPRING ELUSION,ELUSIVE QUALITY,ELUSIVE QUALITY,,,,0,,,1901-01-01,ROYAL BLOODSTOCK SALES LLC AGENT,,,,JEFFREY ENGLEHART,,,,37000,,https://vimeo.com/739087090,,,T,0.0,,SPRING ELUSION,MOR SPIRIT,ELUSIVE QUALITY,
2022,Y,22FTSARNYB,2022-08-15,1,2,426,426,No Horse,No Horse,,,2021-03-30,2021,1,B,F,,Y,,,NY,FROSTED,FROSTED,STAGE LUCK,STAGE LUCK,UNBRIDLED'S SONG,UNBRIDLED'S SONG,,,,0,,,1901-01-01,RFHF BLOODSTOCK LLC AGENT,,,,OUT,,,,0,,,,,T,0.0,,STAGE LUCK,FROSTED,UNBRIDLED'S SONG,
2022,Y,22FTSARNYB,2022-08-15,1,2,427,427,No Horse,No Horse,,,2021-03-02,2021,1,GRR,C,,Y,,,NY,LIAM'S MAP,LIAM'S MAP,STOWE WHITE,STOWE WHITE,NOT FOR LOVE,NOT FOR LOVE,,,,0,,,1901-01-01,SUMMERFIELD (FRANCIS & BARBARA VANLANGENDONCK) AGENT FOR SUNNYFIELD FARM,,,,C. CLEMENT AS AGENT,,,,145000,,,,,T,0.0,,STOWE WHITE,LIAM'S MAP,NOT FOR LOVE,
2022,Y,22FTSARNYB,2022-08-15,1,2,428,428,No Horse,No Horse,,,2021-03-07,2021,1,DKB,C,,Y,,,NY,MIDNIGHT LUTE,MIDNIGHT LUTE,STRIKEALINETHRUIT,STRIKEALINETHRUIT,OFFICER,OFFICER,,,,0,,,1901-01-01,VINERY SALES AGENT XV,,,,KINGS EQUINE,,,,35000,,,,,T,0.0,,STRIKEALINETHRUIT,MIDNIGHT LUTE,OFFICER,
2022,Y,22FTSARNYB,2022-08-15,1,2,429,429,No Horse,No Horse,,,2021-02-19,2021,1,B,F,,Y,,,NY,MITOLE,MITOLE,SUMMER ON THE LAWN,SUMMER ON THE LAWN,FIRST DEFENCE,FIRST DEFENCE,,,,0,,,1901-01-01,TAYLOR MADE SALES AGENCY AGENT LXX,,,,JOSEPH MIGLORE AGENT FOR STEVEN ROCCO,,,,160000,,,,,T,0.0,,SUMMER ON THE LAWN,MITOLE,FIRST DEFENCE,
2022,Y,22FTSARNYB,2022-08-15,1,2,430,430,No Horse,No Horse,,,2021-03-11,2021,1,GRR,F,,Y,,,NY,ARROGATE,ARROGATE,SUMMER SHADE,SUMMER SHADE,STEPHEN GOT EVEN,STEPHEN GOT EVEN,,,,0,,,1901-01-01,RFHF BLOODSTOCK LLC AGENT,,,,CARY FROMMER AGENT,,,,170000,,,,,T,0.0,,SUMMER SHADE,ARROGATE,STEPHEN GOT EVEN,
2022,Y,22FTSARNYB,2022-08-15,1,2,431,431,No Horse,No Horse,,,2021-02-25,2021,1,CH,C,,Y,,,NY,MIDSHIPMAN,MIDSHIPMAN,SURPRISE CAMEO,SURPRISE CAMEO,GIANT SURPRISE,GIANT SURPRISE,,,,0,,,1901-01-01,EATON SALES AGENT,,,,GRASSROOTS TRN & SALES LLC,,,,55000,,,,Y,T,0.0,,SURPRISE CAMEO,MIDSHIPMAN,GIANT SURPRISE,
2022,Y,22FTSARNYB,2022-08-15,1,2,432,432,No Horse,No Horse,,,2021-03-30,2021,1,DKB,C,,Y,,,NY,CENTRAL BANKER,CENTRAL BANKER,TAKE IT ALL BACK,TAKE IT ALL BACK,FLASHBACK,FLASHBACK,,,,0,,,1901-01-01,SETH GREGORY BLOODSTOCK,,,,WILLIAM J PUNK JR,,,,80000,,,,,T,0.0,,TAKE IT ALL BACK,CENTRAL BANKER,FLASHBACK,
2022,Y,22FTSARNYB,2022-08-15,1,2,433,433,No Horse,No Horse,,,2021-03-06,2021,1,CH,F,,Y,,,NY,SOLOMINI,SOLOMINI,TAPPIN'AT THE DOOR,TAPPIN'AT THE DOOR,TAPIT,TAPIT,,,,0,,,1901-01-01,TAYLOR MADE SALES AGENCY AGENT L,,,,OUT,,,,0,,,,,T,0.0,,TAPPIN'AT THE DOOR,SOLOMINI,TAPIT,
2022,Y,22FTSARNYB,2022-08-15,1,2,434,434,No Horse,No Horse,,,2021-04-19,2021,1,CH,C,,Y,,,NY,OSCAR PERFORMANCE,OSCAR PERFORMANCE,TARRIP,TARRIP,GREEN DESERT,GREEN DESERT,,,,0,,,1901-01-01,RFHF BLOODSTOCK LLC AGENT,,,,NOT SOLD,,,,29000,,,,,T,0.0,,TARRIP,OSCAR PERFORMANCE,GREEN DESERT,
2022,Y,22FTSARNYB,2022-08-15,1,2,435,435,No Horse,No Horse,,,2021-03-04,2021,1,B,F,,Y,,,NY,BERNARDINI,BERNARDINI,TEA FOR TWO,TEA FOR TWO,VALID EXPECTATIONS,VALID EXPECTATIONS,,,,0,,,1901-01-01,ROYAL BLOODSTOCK SALES LLC AGENT,,,,DARK HORSE RACING STABLE/ MAHONEY EDEN MANOR,,,,50000,,https://vimeo.com/739087200,,,T,0.0,,TEA FOR TWO,BERNARDINI,VALID EXPECTATIONS,
2022,Y,22FTSARNYB,2022-08-15,1,2,436,436,No Horse,No Horse,,,2021-01-24,2021,1,CH,F,,Y,,,NY,COLLECTED,COLLECTED,TEATRO,TEATRO,TIZNOW,TIZNOW,,,,0,,,1901-01-01,EATON SALES AGENT,,,,AJC BLOODSTOCK AGENT,,,,40000,,,,Y,T,0.0,,TEATRO,COLLECTED,TIZNOW,
2022,Y,22FTSARNYB,2022-08-15,1,2,437,437,No Horse,No Horse,,,2021-05-07,2021,1,B,F,,Y,,,NY,VINO ROSSO,VINO ROSSO,TEMPER MINT PATTY,TEMPER MINT PATTY,CONGRATS,CONGRATS,,,,0,,,1901-01-01,LANE'S END AGENT,,,,PHILIP ANTONACCI RACING,,,,25000,,,,,T,0.0,,TEMPER MINT PATTY,VINO ROSSO,CONGRATS,
2022,Y,22FTSARNYB,2022-08-15,1,2,438,438,No Horse,No Horse,,,2021-03-19,2021,1,CH,F,,Y,,,NY,AUDIBLE,AUDIBLE,THEYPLAYINGOURSONG,THEYPLAYINGOURSONG,SONGANDAPRAYER,SONGANDAPRAYER,,,,0,,,1901-01-01,WINTER QUARTER FARM AGENT FOR OAK BLUFF STABLE,,,,NIALL BRENNAN FOR J.R. INTERNATIONAL,,,,100000,,,,,T,0.0,,THEYPLAYINGOURSONG,AUDIBLE,SONGANDAPRAYER,
2022,Y,22FTSARNYB,2022-08-15,1,2,439,439,No Horse,No Horse,,,2021-04-02,2021,1,B,F,,Y,,,NY,GHOSTZAPPER,GHOSTZAPPER,THIN DISGUISE,THIN DISGUISE,YES IT'S TRUE,YES IT'S TRUE,,,,0,,,1901-01-01,TAYLOR MADE SALES AGENCY AGENT VII,,,,DONALDSON BLOODSTOCK AGENT,,,,340000,,,,,T,0.0,,THIN DISGUISE,GHOSTZAPPER,YES IT'S TRUE,
2022,Y,22FTSARNYB,2022-08-15,1,2,440,440,No Horse,No Horse,,,2021-03-20,2021,1,B,F,,Y,,,NY,VINO ROSSO,VINO ROSSO,THOUGHTLESS,THOUGHTLESS,ROCKPORT HARBOR,ROCKPORT HARBOR,,,,0,,,1901-01-01,BLUEWATER SALES LLC AGENT VIII,,,,OUT,,,,0,,,,,T,0.0,,THOUGHTLESS,VINO ROSSO,ROCKPORT HARBOR,
2022,Y,22FTSARNYB,2022-08-15,1,2,441,441,No Horse,No Horse,,,2021-04-29,2021,1,B,F,,Y,,,NY,MAXIMUS MISCHIEF,MAXIMUS MISCHIEF,TIA TAMINA,TIA TAMINA,UNCLE MO,UNCLE MO,,,,0,,,1901-01-01,EATON SALES AGENT,,,,OUT,,,,0,,,,,T,0.0,,TIA TAMINA,MAXIMUS MISCHIEF,UNCLE MO,
2022,Y,22FTSARNYB,2022-08-15,1,2,442,442,No Horse,No Horse,,,2021-03-01,2021,1,B,F,,Y,,,NY,YOSHIDA (JPN),YOSHIDA (JPN),TIZ A GHOSTZAPPER,TIZ A GHOSTZAPPER,GHOSTZAPPER,GHOSTZAPPER,,,,0,,,1901-01-01,PARAMOUNT SALES AGENT VII,,,,OUT,,,,0,,,,,T,0.0,,TIZ A GHOSTZAPPER,YOSHIDA (JPN),GHOSTZAPPER,
2022,Y,22FTSARNYB,2022-08-15,1,2,443,443,No Horse,No Horse,,,2021-02-18,2021,1,B,F,,Y,,,NY,MAXIMUS MISCHIEF,MAXIMUS MISCHIEF,TIZ MY LOVE,TIZ MY LOVE,TIZ WONDERFUL,TIZ WONDERFUL,,,,0,,,1901-01-01,VINERY SALES AGENT XVII,,,,TEAM FUN,,,,35000,,,,,T,0.0,,TIZ MY LOVE,MAXIMUS MISCHIEF,TIZ WONDERFUL,
2022,Y,22FTSARNYB,2022-08-15,1,2,444,444,No Horse,No Horse,,,2021-01-21,2021,1,CH,C,,Y,,,NY,LIAM'S MAP,LIAM'S MAP,TO A FRIEND,TO A FRIEND,SCAT DADDY,SCAT DADDY,,,,0,,,1901-01-01,TAYLOR MADE SALES AGENCY AGENT LXX,,,,GMP STABLES & FLY PARTNERS,,,,280000,,,,,T,0.0,,TO A FRIEND,LIAM'S MAP,SCAT DADDY,
2022,Y,22FTSARNYB,2022-08-15,1,2,445,445,No Horse,No Horse,,,2021-04-07,2021,1,B,F,,Y,,,NY,UNCLE MO,UNCLE MO,TO THE MOON ALICE,TO THE MOON ALICE,MALIBU MOON,MALIBU MOON,,,,0,,,1901-01-01,SUMMERFIELD (FRANCIS & BARBARA VANLANGENDONCK) AGENT,,,,CARY FROMMER AGENT,,,,280000,,,,,T,0.0,,TO THE MOON ALICE,UNCLE MO,MALIBU MOON,
2022,Y,22FTSARNYB,2022-08-15,1,2,446,446,No Horse,No Horse,,,2021-03-25,2021,1,CH,C,,Y,,,NY,FLAMEAWAY,FLAMEAWAY,TOUCH ME ONCE,TOUCH ME ONCE,TOUCH GOLD,TOUCH GOLD,,,,0,,,1901-01-01,SARATOGA GLEN FARM LLC AGENT,,,,CSV,,,,72000,,,,,T,0.0,,TOUCH ME ONCE,FLAMEAWAY,TOUCH GOLD,
2022,Y,22FTSARNYB,2022-08-15,1,2,447,447,No Horse,No Horse,,,2021-03-17,2021,1,B,F,,Y,,,NY,PRACTICAL JOKE,PRACTICAL JOKE,TRADE AGREEMENT,TRADE AGREEMENT,WILL TAKE CHARGE,WILL TAKE CHARGE,,,,0,,,1901-01-01,COLIN BRENNAN BLOODSTOCK AGENT X,,,,OUT,,,,0,,,,,T,0.0,,TRADE AGREEMENT,PRACTICAL JOKE,WILL TAKE CHARGE,
2022,Y,22FTSARNYB,2022-08-15,1,2,448,448,No Horse,No Horse,,,2021-04-04,2021,1,DKB,C,,Y,,,NY,RUNHAPPY,RUNHAPPY,TRULY STRIKING,TRULY STRIKING,SMART STRIKE,SMART STRIKE,,,,0,,,1901-01-01,TAYLOR MADE SALES AGENCY AGENT LXX,,,,MICHAEL MAKER,,,,135000,,,,,T,0.0,,TRULY STRIKING,RUNHAPPY,SMART STRIKE,
2022,Y,22FTSARNYB,2022-08-15,1,2,449,449,No Horse,No Horse,,,2021-03-18,2021,1,B,F,,Y,,,NY,TWIRLING CANDY,TWIRLING CANDY,TULIPMANIA,TULIPMANIA,EMPIRE MAKER,EMPIRE MAKER,,,,0,,,1901-01-01,DENALI STUD AGENT FOR GALLAGHER'S STUD,,,,BRONCO STABLES,,,,90000,,https://vimeo.com/739026688,,Y,T,0.0,,TULIPMANIA,TWIRLING CANDY,EMPIRE MAKER,
2022,Y,22FTSARNYB,2022-08-15,1,2,450,450,No Horse,No Horse,,,2021-01-10,2021,1,CH,F,,Y,,,NY,AUDIBLE,AUDIBLE,TURNING TIDE,TURNING TIDE,MALIBU MOON,MALIBU MOON,,,,0,,,1901-01-01,TAYLOR MADE SALES AGENCY AGENT LXX,,,,JEFFREY BLOOM AGENT & TOM MCCROCKLIN,,,,50000,,,,,T,0.0,,TURNING TIDE,AUDIBLE,MALIBU MOON,
2022,Y,22FTSARNYB,2022-08-15,1,2,451,451,No Horse,No Horse,,,2021-04-05,2021,1,B,C,,Y,,,NY,ARROGATE,ARROGATE,TWEET STREET,TWEET STREET,QUALITY ROAD,QUALITY ROAD,,,,0,,,1901-01-01,SUMMERFIELD (FRANCIS & BARBARA VANLANGENDONCK) AGENT,,,,KLARAVICH STABLE,,,,270000,,,,,T,0.0,,TWEET STREET,ARROGATE,QUALITY ROAD,
2022,Y,22FTSARNYB,2022-08-15,1,2,452,452,No Horse,No Horse,,,2021-05-10,2021,1,B,C,,Y,,,NY,THE FACTOR,THE FACTOR,TWO SUSANS,TWO SUSANS,PURGE,PURGE,,,,0,,,1901-01-01,ST GEORGE SALES AGENT V,,,,NOT SOLD,,,,47000,,,,,T,0.0,,TWO SUSANS,THE FACTOR,PURGE,
2022,Y,22FTSARNYB,2022-08-15,1,2,453,453,No Horse,No Horse,,,2021-02-22,2021,1,DKB,F,,Y,,,NY,MITOLE,MITOLE,UNICORN KID,UNICORN KID,LEMON DROP KID,LEMON DROP KID,,,,0,,,1901-01-01,FOUR STAR SALES AGENT,,,,MATHIS STABLES LLC,,,,40000,,,,Y,T,0.0,,UNICORN KID,MITOLE,LEMON DROP KID,
2022,Y,22FTSARNYB,2022-08-15,1,2,454,454,No Horse,No Horse,,,2021-01-26,2021,1,B,F,,Y,,,NY,FREUD,FREUD,UNION PATRIOT,UNION PATRIOT,UNION RAGS,UNION RAGS,,,,0,,,1901-01-01,TURNING POINT BLOODSTOCK AGENT,,,,NOT SOLD,,,,47000,,,,,T,0.0,,UNION PATRIOT,FREUD,UNION RAGS,
2022,Y,22FTSARNYB,2022-08-15,1,2,455,455,No Horse,No Horse,,,2021-02-02,2021,1,B,C,,Y,,,NY,SOLOMINI,SOLOMINI,VERY CHARMING,VERY CHARMING,FLATTER,FLATTER,,,,0,,,1901-01-01,MCMAHON OF SARATOGA THOROUGHBREDS LLC AGENT,,,,NOT SOLD,,,,50000,,,,,T,0.0,,VERY CHARMING,SOLOMINI,FLATTER,
2022,Y,22FTSARNYB,2022-08-15,1,2,456,456,No Horse,No Horse,,,2021-02-28,2021,1,DKB,C,,Y,,,NY,NOT THIS TIME,NOT THIS TIME,VIBRATO,VIBRATO,UNBRIDLED'S SONG,UNBRIDLED'S SONG,,,,0,,,1901-01-01,SEQUEL NEW YORK AGENT,,,,OUT,,,,0,,,,,T,0.0,,VIBRATO,NOT THIS TIME,UNBRIDLED'S SONG,
2022,Y,22FTSARNYB,2022-08-15,1,2,457,457,No Horse,No Horse,,,2021-04-15,2021,1,B,C,,Y,,,NY,GET STORMY,GET STORMY,VISION IN RED,VISION IN RED,MR. GREELEY,MR. GREELEY,,,,0,,,1901-01-01,SUMMERFIELD (FRANCIS & BARBARA VANLANGENDONCK) AGENT,,,,THE ELKSTONE GROUP LLC,,,,57000,,,,,T,0.0,,VISION IN RED,GET STORMY,MR. GREELEY,
2022,Y,22FTSARNYB,2022-08-15,1,2,458,458,No Horse,No Horse,,,2021-04-28,2021,1,GRR,C,,Y,,,NY,MENDELSSOHN,MENDELSSOHN,WAKE UP SMILING,WAKE UP SMILING,DISTORTED HUMOR,DISTORTED HUMOR,,,,0,,,1901-01-01,DENALI STUD AGENT FOR EDITION FARM,,,,GATSAS STABLES LLC,,,,105000,,,,,T,0.0,,WAKE UP SMILING,MENDELSSOHN,DISTORTED HUMOR,
2022,Y,22FTSARNYB,2022-08-15,1,2,459,459,No Horse,No Horse,,,2021-01-27,2021,1,DKB,C,,Y,,,NY,MISSION IMPAZIBLE,MISSION IMPAZIBLE,WATLING,WATLING,STREET BOSS,STREET BOSS,,,,0,,,1901-01-01,TURNING POINT BLOODSTOCK AGENT,,,,OUT,,,,0,,,,,T,0.0,,WATLING,MISSION IMPAZIBLE,STREET BOSS,
2022,Y,22FTSARNYB,2022-08-15,1,2,460,460,No Horse,No Horse,,,2021-04-03,2021,1,DKB,C,,Y,,,NY,ALWAYS DREAMING,ALWAYS DREAMING,WESTERN LARIAT,WESTERN LARIAT,WESTERN EXPRESSION,WESTERN EXPRESSION,,,,0,,,1901-01-01,THORNDALE FARM AGENT,,,,MARCELLO ROSA,,,,7000,,,,,T,0.0,,WESTERN LARIAT,ALWAYS DREAMING,WESTERN EXPRESSION,
2022,Y,22FTSARNYB,2022-08-15,1,2,461,461,No Horse,No Horse,,,2021-03-24,2021,1,B,C,,Y,,,NY,LOOKIN AT LUCKY,LOOKIN AT LUCKY,WHISPERING ANGEL,WHISPERING ANGEL,HARD SPUN,HARD SPUN,,,,0,,,1901-01-01,SUMMERFIELD (FRANCIS & BARBARA VANLANGENDONCK) AGENT,,,,OUT,,,,0,,,,,T,0.0,,WHISPERING ANGEL,LOOKIN AT LUCKY,HARD SPUN,
2022,Y,22FTSARNYB,2022-08-15,1,2,462,462,No Horse,No Horse,,,2021-05-09,2021,1,GRR,C,,Y,,,NY,LEOFRIC,LEOFRIC,WHITE WEDDING DAY,WHITE WEDDING DAY,CRIMSON GUARD,CRIMSON GUARD,,,,0,,,1901-01-01,SUMMERFIELD (FRANCIS & BARBARA VANLANGENDONCK) AGENT,,,,JOSE LUIS MUNOZ PADILLA,,,,25000,,,,Y,T,0.0,,WHITE WEDDING DAY,LEOFRIC,CRIMSON GUARD,
2022,Y,22FTSARNYB,2022-08-15,1,2,463,463,No Horse,No Horse,,,2021-02-11,2021,1,DKB,C,,Y,,,NY,MISSION IMPAZIBLE,MISSION IMPAZIBLE,WILDCAT BELLE,WILDCAT BELLE,INTIDAB,INTIDAB,,,,0,,,1901-01-01,GAINESWAY AGENT IV,,,,KAZ HILL FARM,,,,42000,,,,Y,T,0.0,,WILDCAT BELLE,MISSION IMPAZIBLE,INTIDAB,
2022,Y,22FTSARNYB,2022-08-15,1,2,464,464,No Horse,No Horse,,,2021-05-02,2021,1,DKB,C,,Y,,,NY,FLATTER,FLATTER,WILD GRACE,WILD GRACE,FOREST WILDCAT,FOREST WILDCAT,,,,0,,,1901-01-01,INDIAN CREEK AGENT,,,,OUT,,,,0,,,,,T,0.0,,WILD GRACE,FLATTER,FOREST WILDCAT,
2022,Y,22FTSARNYB,2022-08-15,1,2,465,465,No Horse,No Horse,,,2021-02-23,2021,1,CH,C,,Y,,,NY,RACE DAY,RACE DAY,WINGS OF A DOVE,WINGS OF A DOVE,MILWAUKEE BREW,MILWAUKEE BREW,,,,0,,,1901-01-01,TURNING POINT BLOODSTOCK AGENT,,,,K.O.I.D. CO LTD,,,,45000,,,,,T,0.0,,WINGS OF A DOVE,RACE DAY,MILWAUKEE BREW,
2022,Y,22FTSARNYB,2022-08-15,1,2,466,466,No Horse,No Horse,,,2021-05-14,2021,1,CH,F,,Y,,,NY,SOLOMINI,SOLOMINI,WITCH PRINCESS,WITCH PRINCESS,EXCHANGE RATE,EXCHANGE RATE,,,,0,,,1901-01-01,THE NEW HILL FARM AGENT,,,,OUT,,,,0,,,,,T,0.0,,WITCH PRINCESS,SOLOMINI,EXCHANGE RATE,
2022,Y,22FTSARNYB,2022-08-15,1,2,467,467,No Horse,No Horse,,,2021-04-06,2021,1,GRR,F,,Y,,,NY,DESTIN,DESTIN,WOODFLOWER,WOODFLOWER,WOODMAN,WOODMAN,,,,0,,,1901-01-01,SEQUEL NEW YORK AGENT,,,,OUT,,,,0,,,,,T,0.0,,WOODFLOWER,DESTIN,WOODMAN,
2022,Y,22FTSARNYB,2022-08-15,1,2,468,468,No Horse,No Horse,,,2021-03-03,2021,1,DKB,C,,Y,,,NY,CENTRAL BANKER,CENTRAL BANKER,WRIGLEY IVY,WRIGLEY IVY,PLEASANT TAP,PLEASANT TAP,,,,0,,,1901-01-01,VINERY SALES AGENT VII,,,,KINGS EQUINE,,,,42000,,,,,T,0.0,,WRIGLEY IVY,CENTRAL BANKER,PLEASANT TAP,
2022,Y,22FTSARNYB,2022-08-15,1,2,469,469,No Horse,No Horse,,,2021-03-27,2021,1,CH,C,,Y,,,NY,SOLOMINI,SOLOMINI,YOLIE'S CHOICE,YOLIE'S CHOICE,SILVER DEPUTY,SILVER DEPUTY,,,,0,,,1901-01-01,RFHF BLOODSTOCK LLC AGENT,,,,SEAN S. PERL BLOODSTOCK LLC,,,,50000,,,,,T,0.0,,YOLIE'S CHOICE,SOLOMINI,SILVER DEPUTY,
2022,Y,22FTSARNYB,2022-08-15,1,2,470,470,No Horse,No Horse,,,2021-04-14,2021,1,B,F,,Y,,,NY,KANTHAROS,KANTHAROS,YOU GO TO MY HEAD,YOU GO TO MY HEAD,SUPER SAVER,SUPER SAVER,,,,0,,,1901-01-01,GAINESWAY AGENT V,,,,H R BLOODSTOCK AGT,,,,165000,,,,,T,0.0,,YOU GO TO MY HEAD,KANTHAROS,SUPER SAVER,
2022,Y,22FTSARNYB,2022-08-15,1,2,471,471,No Horse,No Horse,,,2021-05-05,2021,1,B,C,,Y,,,NY,SOLOMINI,SOLOMINI,ZAZA,ZAZA,MIDNIGHT LUTE,MIDNIGHT LUTE,,,,0,,,1901-01-01,RFHF BLOODSTOCK LLC AGENT,,,,OUT,,,,0,,,,,T,0.0,,ZAZA,SOLOMINI,MIDNIGHT LUTE,
2022,Y,22FTSARNYB,2022-08-15,1,2,473,473,No Horse,No Horse,,,2021-04-18,2021,1,GRR,F,,Y,,,NY,NOT THIS TIME,NOT THIS TIME,ZINDRA,ZINDRA,MACHO UNO,MACHO UNO,,,,0,,,1901-01-01,ROYAL BLOODSTOCK SALES LLC AGENT,,,,HIGH POINT BLOODSTOCK AGENT FOR RICHARD GREELEY,,,,175000,,https://vimeo.com/739086987,,Y,T,0.0,,ZINDRA,NOT THIS TIME,MACHO UNO,
2022,Y,22FTSARNYB,2022-08-15,1,2,474,474,No Horse,No Horse,,,2021-03-09,2021,1,DKB,F,,Y,,,NY,BOLT D'ORO,BOLT D'ORO,ABOVE FASHION,ABOVE FASHION,PADDY O'PRADO,PADDY O'PRADO,,,,0,,,1901-01-01,SUMMERFIELD (FRANCIS & BARBARA VANLANGENDONCK) AGENT,,,,OUT,,,,0,,,,,T,0.0,,ABOVE FASHION,BOLT D'ORO,PADDY O'PRADO,
2022,Y,22FTSARNYB,2022-08-15,1,2,475,475,No Horse,No Horse,,,2021-04-29,2021,1,B,F,,Y,,,NY,DESTIN,DESTIN,ABUNDANTLY CLEAR,ABUNDANTLY CLEAR,PULPIT,PULPIT,,,,0,,,1901-01-01,SEQUEL NEW YORK AGENT,,,,MATHIS STABLES LLC,,,,75000,,,,,T,0.0,,ABUNDANTLY CLEAR,DESTIN,PULPIT,
2022,Y,22FTSARNYB,2022-08-15,1,2,476,476,No Horse,No Horse,,,2021-02-15,2021,1,CH,C,,Y,,,NY,FREE DROP BILLY,FREE DROP BILLY,ACCELEBRATE,ACCELEBRATE,NORTHERN AFLEET,NORTHERN AFLEET,,,,0,,,1901-01-01,VINERY SALES AGENT XXII,,,,CROW-SHARP,,,,80000,,,,Y,T,0.0,,ACCELEBRATE,FREE DROP BILLY,NORTHERN AFLEET,
2022,Y,22FTSARNYB,2022-08-15,1,2,477,477,No Horse,No Horse,,,2021-03-26,2021,1,B,F,,Y,,,NY,SOLOMINI,SOLOMINI,ADRIATIC DREAM,ADRIATIC DREAM,WILD DESERT,WILD DESERT,,,,0,,,1901-01-01,MCMAHON OF SARATOGA THOROUGHBREDS LLC AGENT,,,,NOT SOLD,,,,24000,,,,,T,0.0,,ADRIATIC DREAM,SOLOMINI,WILD DESERT,
2022,Y,22FTSARNYB,2022-08-15,1,2,478,478,No Horse,No Horse,,,2021-03-07,2021,1,B,C,,Y,,,NY,TAPITURE,TAPITURE,AGENT ROMANOFF,AGENT ROMANOFF,EMPIRE MAKER,EMPIRE MAKER,,,,0,,,1901-01-01,COLIN BRENNAN BLOODSTOCK AGENT XI,,,,JOSE LUIS MUNOZ PADILLA,,,,20000,,,,Y,T,0.0,,AGENT ROMANOFF,TAPITURE,EMPIRE MAKER,
2022,Y,22FTSARNYB,2022-08-15,1,2,479,479,No Horse,No Horse,,,2021-05-07,2021,1,DKB,C,,Y,,,NY,CONSTITUTION,CONSTITUTION,AKRIS QUEEN,AKRIS QUEEN,ARCH,ARCH,,,,0,,,1901-01-01,BLAKE-ALBINA THOROUGHBRED SERVICES LLC AGENT I,,,,NOT SOLD,,,,77000,,,,,T,0.0,,AKRIS QUEEN,CONSTITUTION,ARCH,
2022,Y,22FTSARNYB,2022-08-15,1,2,480,480,No Horse,No Horse,,,2021-02-05,2021,1,DKB,F,,Y,,,NY,BOLT D'ORO,BOLT D'ORO,ALETTE,ALETTE,LEMON DROP KID,LEMON DROP KID,,,,0,,,1901-01-01,RFHF BLOODSTOCK LLC AGENT,,,,KINGS EQUINE,,,,80000,,,,,T,0.0,,ALETTE,BOLT D'ORO,LEMON DROP KID,
2022,Y,22FTSARNYB,2022-08-15,1,2,481,481,No Horse,No Horse,,,2021-04-10,2021,1,B,F,,Y,,,NY,PRACTICAL JOKE,PRACTICAL JOKE,ALL IN TIME,ALL IN TIME,CURLIN,CURLIN,,,,0,,,1901-01-01,C & S THOROUGHBREDS AGENT,,,,H R BLOODSTOCK,,,,175000,,,,,T,0.0,,ALL IN TIME,PRACTICAL JOKE,CURLIN,
2022,Y,22FTSARNYB,2022-08-15,1,2,482,482,No Horse,No Horse,,,2021-02-14,2021,1,CH,F,,Y,,,NY,FLAMEAWAY,FLAMEAWAY,ALPHA CHARLIE,ALPHA CHARLIE,EDDINGTON,EDDINGTON,,,,0,,,1901-01-01,TURNING POINT BLOODSTOCK AGENT,,,,NOT SOLD,,,,47000,,,,,T,0.0,,ALPHA CHARLIE,FLAMEAWAY,EDDINGTON,
2022,Y,22FTSARNYB,2022-08-15,1,2,483,483,No Horse,No Horse,,,2021-05-13,2021,1,DKB,C,,Y,,,NY,MORE THAN READY,MORE THAN READY,ALPINE SKY,ALPINE SKY,INDIAN CHARLIE,INDIAN CHARLIE,,,,0,,,1901-01-01,SUMMERFIELD (FRANCIS & BARBARA VANLANGENDONCK) AGENT,,,,OUT,,,,0,,,,,T,0.0,,ALPINE SKY,MORE THAN READY,INDIAN CHARLIE,
2022,Y,22FTSARNYB,2022-08-15,1,2,484,484,No Horse,No Horse,,,2021-03-07,2021,1,B,F,,Y,,,NY,LEOFRIC,LEOFRIC,ALWAYS AND FOREVER,ALWAYS AND FOREVER,BROKEN VOW,BROKEN VOW,,,,0,,,1901-01-01,EATON SALES AGENT,,,,FINAL FURLONG RACING RICEHORSE AGENT,,,,60000,,,,,T,0.0,,ALWAYS AND FOREVER,LEOFRIC,BROKEN VOW,
2022,Y,22FTSARNYB,2022-08-15,1,2,485,485,No Horse,No Horse,,,2021-02-04,2021,1,CH,C,,Y,,,NY,MENDELSSOHN,MENDELSSOHN,ANABAA'S CREATION (IRE),ANABAA'S CREATION (IRE),ANABAA,ANABAA,,,,0,,,1901-01-01,SUMMERFIELD (FRANCIS & BARBARA VANLANGENDONCK) AGENT,,,,WEST BLDSTK AGENT FOR REPOLE STABLE,,,,210000,,,,,T,0.0,,ANABAA'S CREATION (IRE),MENDELSSOHN,ANABAA,
2022,Y,22FTSARNYB,2022-08-15,1,2,486,486,No Horse,No Horse,,,2021-03-23,2021,1,B,F,,Y,,,NY,MENDELSSOHN,MENDELSSOHN,ANDARTA,ANDARTA,DECLARATION OF WAR,DECLARATION OF WAR,,,,0,,,1901-01-01,RFHF BLOODSTOCK LLC AGENT,,,,NOT SOLD,,,,60000,,,,,T,0.0,,ANDARTA,MENDELSSOHN,DECLARATION OF WAR,
2022,Y,22FTSARNYB,2022-08-15,1,2,487,487,No Horse,No Horse,,,2021-02-16,2021,1,DKB,C,,Y,,,NY,TWIRLING CANDY,TWIRLING CANDY,ANDRASTE,ANDRASTE,PULPIT,PULPIT,,,,0,,,1901-01-01,WINTER QUARTER FARM AGENT,,,,NOT SOLD,,,,60000,,,,,T,0.0,,ANDRASTE,TWIRLING CANDY,PULPIT,
2022,Y,22FTSARNYB,2022-08-15,1,2,488,488,No Horse,No Horse,,,2021-02-23,2021,1,CH,C,,Y,,,NY,SOLOMINI,SOLOMINI,ANGELS TRACE,ANGELS TRACE,BELLAMY ROAD,BELLAMY ROAD,,,,0,,,1901-01-01,MCMAHON OF SARATOGA THOROUGHBREDS LLC AGENT,,,,NOT SOLD,,,,22000,,,,,T,0.0,,ANGELS TRACE,SOLOMINI,BELLAMY ROAD,
2022,Y,22FTSARNYB,2022-08-15,1,2,489,489,No Horse,No Horse,,,2021-04-23,2021,1,DKB,C,,Y,,,NY,BLAME,BLAME,ANIMAL APPEAL,ANIMAL APPEAL,LEROIDESANIMAUX (BRZ),LEROIDESANIMAUX (BRZ),,,,0,,,1901-01-01,VINERY SALES AGENT XVIII,,,,H R BLOODSTOCK AGT,,,,75000,,,,,T,0.0,,ANIMAL APPEAL,BLAME,LEROIDESANIMAUX (BRZ),
2022,Y,22FTSARNYB,2022-08-15,1,2,490,490,No Horse,No Horse,,,2021-02-04,2021,1,DKB,F,,Y,,,NY,OMAHA BEACH,OMAHA BEACH,ANNIE GO LIGHTLY,ANNIE GO LIGHTLY,TAKE CHARGE INDY,TAKE CHARGE INDY,,,,0,,,1901-01-01,HUNTER VALLEY FARM AGENT,,,,OUT,,,,0,,,,,T,0.0,,ANNIE GO LIGHTLY,OMAHA BEACH,TAKE CHARGE INDY,
2022,Y,22FTSARNYB,2022-08-15,1,2,491,491,No Horse,No Horse,,,2021-01-17,2021,1,DKB,F,,Y,,,NY,SOLOMINI,SOLOMINI,ANOTHER LEVEL,ANOTHER LEVEL,EMCEE,EMCEE,,,,0,,,1901-01-01,RFHF BLOODSTOCK LLC AGENT,,,,NOT SOLD,,,,37000,,,,,T,0.0,,ANOTHER LEVEL,SOLOMINI,EMCEE,
2022,Y,22FTSARNYB,2022-08-15,1,2,492,492,No Horse,No Horse,,,2021-04-20,2021,1,CH,F,,Y,,,NY,MUNNINGS,MUNNINGS,ANOTHER WORLD,ANOTHER WORLD,MARIA'S MON,MARIA'S MON,,,,0,,,1901-01-01,ST GEORGE SALES AGENT VI,,,,LUCAN BLOODSTOCK,,,,75000,,,,,T,0.0,,ANOTHER WORLD,MUNNINGS,MARIA'S MON,
2022,Y,22FTSARNYB,2022-08-15,1,2,493,493,No Horse,No Horse,,,2021-02-27,2021,1,B,F,,Y,,,NY,SOLOMINI,SOLOMINI,ARCH ROYAL,ARCH ROYAL,ARCH,ARCH,,,,0,,,1901-01-01,VINERY SALES AGENT I,,,,KINGS EQUINE,,,,30000,,,,,T,0.0,,ARCH ROYAL,SOLOMINI,ARCH,
2022,Y,22FTSARNYB,2022-08-15,1,2,494,494,No Horse,No Horse,,,2021-04-12,2021,1,CH,F,,Y,,,NY,PRESERVATIONIST,PRESERVATIONIST,A TRUE PUSSYCAT,A TRUE PUSSYCAT,YES IT'S TRUE,YES IT'S TRUE,,,,0,,,1901-01-01,STUART MORRIS AGENT FOR WALDORF FARM ET AL,,,,OUT,,,,0,,,,,T,0.0,,A TRUE PUSSYCAT,PRESERVATIONIST,YES IT'S TRUE,
2022,Y,22FTSARNYB,2022-08-15,1,2,495,495,No Horse,No Horse,,,2021-04-20,2021,1,CH,C,,Y,,,NY,MOR SPIRIT,MOR SPIRIT,AUNTIE'S THE ONE,AUNTIE'S THE ONE,EXCHANGE RATE,EXCHANGE RATE,,,,0,,,1901-01-01,LANE'S END AGENT,,,,MIKE RYAN AGENT,,,,50000,,,,,T,0.0,,AUNTIE'S THE ONE,MOR SPIRIT,EXCHANGE RATE,
2022,Y,22FTSARNYB,2022-08-15,1,2,496,496,No Horse,No Horse,,,2021-04-29,2021,1,CH,C,,Y,,,NY,ACCELERATE,ACCELERATE,AVENDESORA,AVENDESORA,MAJESTICPERFECTION,MAJESTICPERFECTION,,,,0,,,1901-01-01,SEQUEL NEW YORK AGENT,,,,SCANLON TRAINING & SALES,,,,87000,,,,,T,0.0,,AVENDESORA,ACCELERATE,MAJESTICPERFECTION,
2022,Y,22FTSARNYB,2022-08-15,1,2,497,497,No Horse,No Horse,,,2021-04-04,2021,1,B,C,,Y,,,NY,CATALINA CRUISER,CATALINA CRUISER,AWESOME BULL,AWESOME BULL,HOLY BULL,HOLY BULL,,,,0,,,1901-01-01,FOUR STAR SALES AGENT,,,,THOMAS J. GALLO AGENT FOR DREAM MAKER RACING,,,,220000,,,,,T,0.0,,AWESOME BULL,CATALINA CRUISER,HOLY BULL,
2022,Y,22FTSARNYB,2022-08-15,1,2,498,498,No Horse,No Horse,,,2021-04-27,2021,1,DKB,F,,Y,,,NY,UPSTART,UPSTART,BAY FINN,BAY FINN,HARLAN'S HOLIDAY,HARLAN'S HOLIDAY,,,,0,,,1901-01-01,BLUEWATER SALES LLC AGENT VII,,,,MICHAEL MAKER,,,,75000,,,,,T,0.0,,BAY FINN,UPSTART,HARLAN'S HOLIDAY,
2022,Y,22FTSARNYB,2022-08-15,1,2,499,499,No Horse,No Horse,,,2021-04-25,2021,1,DKB,F,,Y,,,NY,YOSHIDA (JPN),YOSHIDA (JPN),BEACH,BEACH,TAPIT,TAPIT,,,,0,,,1901-01-01,PARAMOUNT SALES AGENT V,,,,TOKI TOKI,,,,52000,,,,,T,0.0,,BEACH,YOSHIDA (JPN),TAPIT,
2022,Y,22FTSARNYB,2022-08-15,1,2,500,500,No Horse,No Horse,,,2021-03-27,2021,1,B,C,,Y,,,NY,AUDIBLE,AUDIBLE,BEARS MEASURE,BEARS MEASURE,TIZNOW,TIZNOW,,,,0,,,1901-01-01,COLIN BRENNAN BLOODSTOCK AGENT II,,,,LEE EINSIDLER,,,,200000,,,,,T,0.0,,BEARS MEASURE,AUDIBLE,TIZNOW,
2022,Y,22FTSARNYB,2022-08-15,1,2,501,501,No Horse,No Horse,,,2021-04-07,2021,1,CH,C,,Y,,,NY,MUNNINGS,MUNNINGS,BEDSIDE POSSE,BEDSIDE POSSE,POSSE,POSSE,,,,0,,,1901-01-01,HUNTER VALLEY FARM AGENT,,,,SACKATOGA STABLE,,,,200000,,,,,T,0.0,,BEDSIDE POSSE,MUNNINGS,POSSE,
2022,Y,22FTSARNYB,2022-08-15,1,2,502,502,No Horse,No Horse,,,2021-05-14,2021,1,B,C,,Y,,,NY,LAOBAN,LAOBAN,BEE IN A BONNET,BEE IN A BONNET,PRECISE END,PRECISE END,,,,0,,,1901-01-01,MCMAHON OF SARATOGA THOROUGHBREDS LLC AGENT,,,,MR. ANTHONY STABILE,,,,100000,,,,,T,0.0,,BEE IN A BONNET,LAOBAN,PRECISE END,
2022,Y,22FTSARNYB,2022-08-15,1,2,503,503,No Horse,No Horse,,,2021-04-10,2021,1,DKB,F,,Y,,,NY,WORLD OF TROUBLE,WORLD OF TROUBLE,BEGINNER'S LUCK,BEGINNER'S LUCK,AWESOME AGAIN,AWESOME AGAIN,,,,0,,,1901-01-01,BALLYSAX BLOODSTOCK AGENT I,,,,SUNSET RIDGE FARMS LLC,,,,40000,,,,,T,0.0,,BEGINNER'S LUCK,WORLD OF TROUBLE,AWESOME AGAIN,
2022,Y,22FTSARNYB,2022-08-15,1,2,504,504,No Horse,No Horse,,,2021-04-28,2021,1,B,F,,Y,,,NY,GOOD MAGIC,GOOD MAGIC,BELLA'S FLAIR,BELLA'S FLAIR,BELLAMY ROAD,BELLAMY ROAD,,,,0,,,1901-01-01,MCMAHON OF SARATOGA THOROUGHBREDS LLC AGENT,,,,GRASSROOTS TRN & SALES LLC,,,,40000,,,,,T,0.0,,BELLA'S FLAIR,GOOD MAGIC,BELLAMY ROAD,
2022,Y,22FTSARNYB,2022-08-15,1,2,505,505,No Horse,No Horse,,,2021-05-15,2021,1,DKB,C,,Y,,,NY,LEOFRIC,LEOFRIC,BETROFF TOUGH,BETROFF TOUGH,TALE OF THE CAT,TALE OF THE CAT,,,,0,,,1901-01-01,STUART MORRIS AGENT I,,,,OUT,,,,0,,,,,T,0.0,,BETROFF TOUGH,LEOFRIC,TALE OF THE CAT,
2022,Y,22FTSARNYB,2022-08-15,1,2,506,506,No Horse,No Horse,,,2021-04-28,2021,1,CH,C,,Y,,,NY,PRACTICAL JOKE,PRACTICAL JOKE,BIG THRILL,BIG THRILL,BIG DRAMA,BIG DRAMA,,,,0,,,1901-01-01,FORT CHRISTOPHER'S THOROUGHBREDS LLC AGENT,,,,GRADE ONE INVESTMENTS,,,,70000,,,,,T,0.0,,BIG THRILL,PRACTICAL JOKE,BIG DRAMA,
2022,Y,22FTSARNYB,2022-08-15,1,2,507,507,No Horse,No Horse,,,2021-02-24,2021,1,CH,F,,Y,,,NY,GET STORMY,GET STORMY,BISOU FRANCAIS,BISOU FRANCAIS,CURLIN,CURLIN,,,,0,,,1901-01-01,SUMMERFIELD (FRANCIS & BARBARA VANLANGENDONCK) AGENT,,,,KINGS EQUINE,,,,37000,,,,,T,0.0,,BISOU FRANCAIS,GET STORMY,CURLIN,
2022,Y,22FTSARNYB,2022-08-15,1,2,508,508,No Horse,No Horse,,,2021-02-09,2021,1,CH,F,,Y,,,NY,MENDELSSOHN,MENDELSSOHN,BITTERROOT,BITTERROOT,NOT FOR LOVE,NOT FOR LOVE,,,,0,,,1901-01-01,EATON SALES AGENT,,,,NOT SOLD,,,,57000,,,,,T,0.0,,BITTERROOT,MENDELSSOHN,NOT FOR LOVE,
2022,Y,22FTSARNYB,2022-08-15,1,2,509,509,No Horse,No Horse,,,2021-04-23,2021,1,DKB,F,,Y,,,NY,UNIFIED,UNIFIED,BLACK ESCORT,BLACK ESCORT,SOUTHERN HALO,SOUTHERN HALO,,,,0,,,1901-01-01,RFHF BLOODSTOCK LLC AGENT,,,,OUT,,,,0,,,,,T,0.0,,BLACK ESCORT,UNIFIED,SOUTHERN HALO,
2022,Y,22FTSARNYB,2022-08-15,1,2,510,510,No Horse,No Horse,,,2021-05-17,2021,1,B,C,,Y,,,NY,LAOBAN,LAOBAN,BLUE CLARET,BLUE CLARET,BLUEGRASS CAT,BLUEGRASS CAT,,,,0,,,1901-01-01,SUMMERFIELD (FRANCIS & BARBARA VANLANGENDONCK) AGENT,,,,NOT SOLD,,,,50000,,,,,T,0.0,,BLUE CLARET,LAOBAN,BLUEGRASS CAT,
2022,Y,22FTSARNYB,2022-08-15,1,2,511,511,No Horse,No Horse,,,2021-02-05,2021,1,DKB,F,,Y,,,NY,BOLT D'ORO,BOLT D'ORO,BOURBON ENDOWMENT,BOURBON ENDOWMENT,SKY MESA,SKY MESA,,,,0,,,1901-01-01,ST GEORGE SALES AGENT VII,,,,OUT,,,,0,,,,,T,0.0,,BOURBON ENDOWMENT,BOLT D'ORO,SKY MESA,
2022,Y,22FTSARNYB,2022-08-15,1,2,512,512,No Horse,No Horse,,,2021-04-12,2021,1,B,F,,Y,,,NY,MENDELSSOHN,MENDELSSOHN,BOURBONSTATEOFMIND,BOURBONSTATEOFMIND,STREET SENSE,STREET SENSE,,,,0,,,1901-01-01,SARATOGA GLEN FARM LLC AGENT,,,,OUT,,,,0,,,,,T,0.0,,BOURBONSTATEOFMIND,MENDELSSOHN,STREET SENSE,
2022,Y,22FTSARNYB,2022-08-15,1,2,513,513,No Horse,No Horse,,,2021-04-02,2021,1,B,C,,Y,,,NY,NOT THIS TIME,NOT THIS TIME,BREAKING PROMISES,BREAKING PROMISES,BROKEN VOW,BROKEN VOW,,,,0,,,1901-01-01,BROOKDALE SALES AGENT FOR NEW CAL STABLE,,,,NOT SOLD,,,,97000,,https://vimeo.com/737722688,,,T,0.0,,BREAKING PROMISES,NOT THIS TIME,BROKEN VOW,
2022,Y,22FTSARNYB,2022-08-15,1,2,514,514,No Horse,No Horse,,,2021-03-27,2021,1,B,C,,Y,,,NY,BLAME,BLAME,BULLISH SENTIMENT,BULLISH SENTIMENT,STORMY ATLANTIC,STORMY ATLANTIC,,,,0,,,1901-01-01,MCMAHON OF SARATOGA THOROUGHBREDS LLC AGENT,,,,HORSEOLOGY,,,,40000,,,,,T,0.0,,BULLISH SENTIMENT,BLAME,STORMY ATLANTIC,
2022,Y,22FTSARNYB,2022-08-15,1,2,515,515,No Horse,No Horse,,,2021-02-16,2021,1,B,C,,Y,,,NY,VINO ROSSO,VINO ROSSO,CALL TO SERVICE,CALL TO SERVICE,TO HONOR AND SERVE,TO HONOR AND SERVE,,,,0,,,1901-01-01,SEQUEL NEW YORK AGENT,,,,OLDHAM BLOODSTOCK,,,,70000,,,,Y,T,0.0,,CALL TO SERVICE,VINO ROSSO,TO HONOR AND SERVE,
2022,Y,22FTSARNYB,2022-08-15,1,2,516,516,No Horse,No Horse,,,2021-02-26,2021,1,B,F,,Y,,,NY,UNION RAGS,UNION RAGS,CANARYINACAGE,CANARYINACAGE,MINESHAFT,MINESHAFT,,,,0,,,1901-01-01,SUMMERFIELD (FRANCIS & BARBARA VANLANGENDONCK) AGENT,,,,NOT SOLD,,,,63000,,,,,T,0.0,,CANARYINACAGE,UNION RAGS,MINESHAFT,
2022,Y,22FTSARNYB,2022-08-15,1,2,517,517,No Horse,No Horse,,,2021-04-14,2021,1,DKB,F,,Y,,,NY,MACLEAN'S MUSIC,MACLEAN'S MUSIC,CASTOR,CASTOR,MALIBU MOON,MALIBU MOON,,,,0,,,1901-01-01,EATON SALES AGENT FOR LONGFORD FARM,,,,HABLAN LOS CABALLOS LLC,,,,45000,,,,,T,0.0,,CASTOR,MACLEAN'S MUSIC,MALIBU MOON,
2022,Y,22FTSARNYB,2022-08-15,1,2,518,518,No Horse,No Horse,,,2021-02-03,2021,1,DKB,C,,Y,,,NY,NOT THIS TIME,NOT THIS TIME,CHANTILLY LADY,CHANTILLY LADY,SHORE BREEZE,SHORE BREEZE,,,,0,,,1901-01-01,MCMAHON OF SARATOGA THOROUGHBREDS LLC AGENT,,,,NOT SOLD,,,,37000,,,,,T,0.0,,CHANTILLY LADY,NOT THIS TIME,SHORE BREEZE,
2022,Y,22FTSARNYB,2022-08-15,1,2,519,519,No Horse,No Horse,,,2021-04-21,2021,1,B,F,,Y,,,NY,BERNARDINI,BERNARDINI,CHARISMATA,CHARISMATA,CURLIN,CURLIN,,,,0,,,1901-01-01,GAINESWAY AGENT FOR BOYD T. BROWNING JR. & PARTNERS,,,,JCE RACING,,,,40000,,,,,T,0.0,,CHARISMATA,BERNARDINI,CURLIN,
2022,Y,22FTSARNYB,2022-08-15,1,2,520,520,No Horse,No Horse,,,2021-02-15,2021,1,CH,F,,Y,,,NY,CATHOLIC BOY,CATHOLIC BOY,CHARITABLE LINK,CHARITABLE LINK,DATA LINK,DATA LINK,,,,0,,,1901-01-01,TAYLOR MADE SALES AGENCY AGENT LI,,,,OUT,,,,0,,,,,T,0.0,,CHARITABLE LINK,CATHOLIC BOY,DATA LINK,
2022,Y,22FTSARNYB,2022-08-15,1,2,521,521,No Horse,No Horse,,,2021-04-09,2021,1,CH,C,,Y,,,NY,GORMLEY,GORMLEY,CHARMING EMMY,CHARMING EMMY,SKY MESA,SKY MESA,,,,0,,,1901-01-01,THORNDALE FARM AGENT,,,,JOE HARDOON AGENT,,,,75000,,,,,T,0.0,,CHARMING EMMY,GORMLEY,SKY MESA,
2022,Y,22FTSARNYB,2022-08-15,1,2,522,522,No Horse,No Horse,,,2021-02-13,2021,1,GRR,F,,Y,,,NY,CROSS TRAFFIC,CROSS TRAFFIC,CHILDHOOD DREAM,CHILDHOOD DREAM,FREUD,FREUD,,,,0,,,1901-01-01,VINERY SALES AGENT FOR WINDHORSE THOROUGHBREDS LLC,,,,TOM MCCROCKLIN,,,,60000,,,,,T,0.0,,CHILDHOOD DREAM,CROSS TRAFFIC,FREUD,
2022,Y,22FTSARNYB,2022-08-15,1,2,523,523,No Horse,No Horse,,,2021-04-15,2021,1,B,F,,Y,,,NY,MORE THAN READY,MORE THAN READY,CINDERELLA TIME,CINDERELLA TIME,STEPHEN GOT EVEN,STEPHEN GOT EVEN,,,,0,,,1901-01-01,TAYLOR MADE SALES AGENCY AGENT LXXX,,,,TOM MCCROCKLIN AGENT FOR CHAMPION EQUINE,,,,260000,,,,,T,0.0,,CINDERELLA TIME,MORE THAN READY,STEPHEN GOT EVEN,
2022,Y,22FTSARNYB,2022-08-15,1,2,524,524,No Horse,No Horse,,,2021-03-10,2021,1,CH,C,,Y,,,NY,NOT THIS TIME,NOT THIS TIME,CITRUS BLOOM,CITRUS BLOOM,LEMON DROP KID,LEMON DROP KID,,,,0,,,1901-01-01,RFHF BLOODSTOCK LLC AGENT,,,,BRICK CITY THOROUGHBREDS,,,,80000,,,,,T,0.0,,CITRUS BLOOM,NOT THIS TIME,LEMON DROP KID,
2022,Y,22FTSARNYB,2022-08-15,1,2,525,525,No Horse,No Horse,,,2021-02-11,2021,1,B,C,,Y,,,NY,WEST COAST,WEST COAST,CLEAR POND,CLEAR POND,DYNAFORMER,DYNAFORMER,,,,0,,,1901-01-01,RFHF BLOODSTOCK LLC AGENT,,,,OUT,,,,0,,,,,T,0.0,,CLEAR POND,WEST COAST,DYNAFORMER,
2022,Y,22FTSARNYB,2022-08-15,1,2,526,526,No Horse,No Horse,,,2021-03-22,2021,1,CH,F,,Y,,,NY,GOOD SAMARITAN,GOOD SAMARITAN,COMFORT LEVEL,COMFORT LEVEL,MIZZEN MAST,MIZZEN MAST,,,,0,,,1901-01-01,TURNING POINT BLOODSTOCK AGENT,,,,NOT SOLD,,,,32000,,,,,T,0.0,,COMFORT LEVEL,GOOD SAMARITAN,MIZZEN MAST,
2022,Y,22FTSARNYB,2022-08-15,1,2,527,527,No Horse,No Horse,,,2021-04-07,2021,1,B,C,,Y,,,NY,OMAHA BEACH,OMAHA BEACH,COMME CHEZ SOI,COMME CHEZ SOI,EMPIRE MAKER,EMPIRE MAKER,,,,0,,,1901-01-01,BLUEWATER SALES LLC AGENT VIII,,,,OUT,,,,0,,,,,T,0.0,,COMME CHEZ SOI,OMAHA BEACH,EMPIRE MAKER,
2022,Y,22FTSARNYB,2022-08-15,1,2,528,528,No Horse,No Horse,,,2021-02-19,2021,1,DKB,F,,Y,,,NY,DIALED IN,DIALED IN,COURAGEOUS ANGEL,COURAGEOUS ANGEL,COURAGEOUS CAT,COURAGEOUS CAT,,,,0,,,1901-01-01,SUMMERFIELD (FRANCIS & BARBARA VANLANGENDONCK) AGENT,,,,BRONCO STABLES,,,,35000,,,,,T,0.0,,COURAGEOUS ANGEL,DIALED IN,COURAGEOUS CAT,
2022,Y,22FTSARNYB,2022-08-15,1,2,529,529,No Horse,No Horse,,,2021-05-09,2021,1,CH,C,,Y,,,NY,NYQUIST,NYQUIST,COURT DRESS,COURT DRESS,SPEIGHTSTOWN,SPEIGHTSTOWN,,,,0,,,1901-01-01,INDIAN CREEK AGENT,,,,LML INC,,,,375000,,,,,T,0.0,,COURT DRESS,NYQUIST,SPEIGHTSTOWN,
2022,Y,22FTSARNYB,2022-08-15,1,2,530,530,No Horse,No Horse,,,2021-03-18,2021,1,B,C,,Y,,,NY,CITY OF LIGHT,CITY OF LIGHT,CRIMSON FROST,CRIMSON FROST,STORMY ATLANTIC,STORMY ATLANTIC,,,,0,,,1901-01-01,STUART MORRIS AGENT II,,,,WHISPER HILL FARM LLC,,,,280000,,,,,T,0.0,,CRIMSON FROST,CITY OF LIGHT,STORMY ATLANTIC,
2022,Y,22FTSARNYB,2022-08-15,1,2,531,531,No Horse,No Horse,,,2021-04-13,2021,1,B,C,,Y,,,NY,HARD SPUN,HARD SPUN,CUCCIDATI,CUCCIDATI,STREET CRY (IRE),STREET CRY (IRE),,,,0,,,1901-01-01,WINTER QUARTER FARM AGENT,,,,CAREM STABLES,,,,230000,,,,,T,0.0,,CUCCIDATI,HARD SPUN,STREET CRY (IRE),
2022,Y,22FTSARNYB,2022-08-15,1,2,532,532,No Horse,No Horse,,,2021-02-03,2021,1,B,C,,Y,,,NY,ENTICED,ENTICED,DADDYSNEVERREADY,DADDYSNEVERREADY,SCAT DADDY,SCAT DADDY,,,,0,,,1901-01-01,HUNTER VALLEY FARM AGENT,,,,OUT,,,,0,,,,,T,0.0,,DADDYSNEVERREADY,ENTICED,SCAT DADDY,
2022,Y,22FTSARNYB,2022-08-15,1,2,533,533,No Horse,No Horse,,,2021-02-24,2021,1,GRR,F,,Y,,,NY,PRACTICAL JOKE,PRACTICAL JOKE,DANCING FOR GLORY,DANCING FOR GLORY,EXCHANGE RATE,EXCHANGE RATE,,,,0,,,1901-01-01,SUMMERFIELD (FRANCIS & BARBARA VANLANGENDONCK) AGENT FOR SUNNYFIELD FARM,,,,WEST BLDSTK AGENT FOR REPOLE STABLE,,,,75000,,,,,T,0.0,,DANCING FOR GLORY,PRACTICAL JOKE,EXCHANGE RATE,
2022,Y,22FTSARNYB,2022-08-15,1,2,534,534,No Horse,No Horse,,,2021-02-08,2021,1,CH,F,,Y,,,NY,SOLOMINI,SOLOMINI,DANCING ONTHEMOON,DANCING ONTHEMOON,MALIBU MOON,MALIBU MOON,,,,0,,,1901-01-01,MCMAHON OF SARATOGA THOROUGHBREDS LLC AGENT,,,,WILLIAM J PUNK JR,,,,30000,,,,,T,0.0,,DANCING ONTHEMOON,SOLOMINI,MALIBU MOON,
2022,Y,22FTSARNYB,2022-08-15,1,2,535,535,No Horse,No Horse,,,2021-03-08,2021,1,DKB,C,,Y,,,NY,LIAM'S MAP,LIAM'S MAP,DARBY BLUSH,DARBY BLUSH,ARCH,ARCH,,,,0,,,1901-01-01,SARATOGA GLEN FARM LLC AGENT,,,,L.E.B. AGENT,,,,280000,,,,,T,0.0,,DARBY BLUSH,LIAM'S MAP,ARCH,
2022,Y,22FTSARNYB,2022-08-15,1,2,536,536,No Horse,No Horse,,,2021-02-13,2021,1,B,F,,Y,,,NY,PRACTICAL JOKE,PRACTICAL JOKE,DARESAY,DARESAY,DECLARATION OF WAR,DECLARATION OF WAR,,,,0,,,1901-01-01,HUNTER VALLEY FARM AGENT,,,,OUT,,,,0,,,,,T,0.0,,DARESAY,PRACTICAL JOKE,DECLARATION OF WAR,
2022,Y,22FTSARNYB,2022-08-15,1,2,537,537,No Horse,No Horse,,,2021-04-01,2021,1,B,F,,Y,,,NY,VINO ROSSO,VINO ROSSO,DEAREST ELLA,DEAREST ELLA,CANDY RIDE (ARG),CANDY RIDE (ARG),,,,0,,,1901-01-01,ST GEORGE SALES AGENT I,,,,LEGION BLOODSTOCK AGENT,,,,20000,,,,Y,T,0.0,,DEAREST ELLA,VINO ROSSO,CANDY RIDE (ARG),
2022,Y,22FTSARNYB,2022-08-15,1,2,538,538,No Horse,No Horse,,,2021-01-02,2021,1,B,F,,Y,,,NY,ACCELERATE,ACCELERATE,DEARLY DECLARED,DEARLY DECLARED,DECLARATION OF WAR,DECLARATION OF WAR,,,,0,,,1901-01-01,SUMMERFIELD (FRANCIS & BARBARA VANLANGENDONCK) AGENT FOR SUNNYFIELD FARM,,,,MARY THOMAS,,,,40000,,https://vimeo.com/738480363,,,T,0.0,,DEARLY DECLARED,ACCELERATE,DECLARATION OF WAR,
2022,Y,22FTSARNYB,2022-08-15,1,2,539,539,No Horse,No Horse,,,2021-02-08,2021,1,B,C,,Y,,,NY,LIAM'S MAP,LIAM'S MAP,MALIBU RAINBOW,MALIBU RAINBOW,MALIBU MOON,MALIBU MOON,,,,0,,,1901-01-01,DENALI STUD AGENT XIV,,,,ARC BLOODSTOCK AGENT FOR EARLE I. MACK,,,,300000,,,,,T,0.0,,MALIBU RAINBOW,LIAM'S MAP,MALIBU MOON,
2022,Y,22FTSARNYB,2022-08-15,1,2,540,540,No Horse,No Horse,,,2021-02-16,2021,1,DKB,F,,Y,,,NY,CENTRAL BANKER,CENTRAL BANKER,DEAR WILLA,DEAR WILLA,HERE COMES BEN,HERE COMES BEN,,,,0,,,1901-01-01,MCMAHON OF SARATOGA THOROUGHBREDS LLC AGENT,,,,PATRICE MILLER EQB INC AGENT,,,,67000,,,,,T,0.0,,DEAR WILLA,CENTRAL BANKER,HERE COMES BEN,
2022,Y,22FTSARNYB,2022-08-15,1,2,541,541,No Horse,No Horse,,,2021-02-15,2021,1,B,C,,Y,,,NY,FLAMEAWAY,FLAMEAWAY,DEPUTY CURES BLUES,DEPUTY CURES BLUES,WAR DEPUTY,WAR DEPUTY,,,,0,,,1901-01-01,FORT CHRISTOPHER'S THOROUGHBREDS LLC AGENT,,,,CECIL SEAMAN AGENT FOR BAD BOY RACING,,,,82000,,,,,T,0.0,,DEPUTY CURES BLUES,FLAMEAWAY,WAR DEPUTY,
2022,Y,22FTSARNYB,2022-08-15,1,2,542,542,No Horse,No Horse,,,2021-02-25,2021,1,DKB,F,,Y,,,NY,UNIFIED,UNIFIED,DETAIL,DETAIL,CITY ZIP,CITY ZIP,,,,0,,,1901-01-01,RFHF BLOODSTOCK LLC AGENT,,,,OUT,,,,0,,,,,T,0.0,,DETAIL,UNIFIED,CITY ZIP,
2022,Y,22FTSARNYB,2022-08-15,1,2,543,543,No Horse,No Horse,,,2021-02-25,2021,1,DKB,F,,Y,,,NY,UNCLE MO,UNCLE MO,DISCLUDE,DISCLUDE,OVERANALYZE,OVERANALYZE,,,,0,,,1901-01-01,BROOKDALE SALES AGENT,,,,NOT SOLD,,,,290000,,https://vimeo.com/737722712,,,T,0.0,,DISCLUDE,UNCLE MO,OVERANALYZE,
2022,Y,22FTSARNYB,2022-08-15,1,2,544,544,No Horse,No Horse,,,2021-04-23,2021,1,B,F,,Y,,,NY,UPSTART,UPSTART,DISCREET LADY,DISCREET LADY,DISCREET CAT,DISCREET CAT,,,,0,,,1901-01-01,COLIN BRENNAN BLOODSTOCK AGENT X,,,,DOWNTON WALK BLOODSTOCK,,,,130000,,,,,T,0.0,,DISCREET LADY,UPSTART,DISCREET CAT,
2022,Y,22FTSARNYB,2022-08-15,1,2,545,545,No Horse,No Horse,,,2021-02-04,2021,1,DKB,F,,Y,,,NY,TAKE CHARGE INDY,TAKE CHARGE INDY,DISTINCTLYWILDWOOD,DISTINCTLYWILDWOOD,WITH DISTINCTION,WITH DISTINCTION,,,,0,,,1901-01-01,HUNTER VALLEY FARM AGENT,,,,NEW HORIZONS FARM,,,,30000,,,,,T,0.0,,DISTINCTLYWILDWOOD,TAKE CHARGE INDY,WITH DISTINCTION,
2022,Y,22FTSARNYB,2022-08-15,1,2,546,546,No Horse,No Horse,,,2021-02-13,2021,1,CH,F,,Y,,,NY,ACCELERATE,ACCELERATE,DISTORTED NEWS,DISTORTED NEWS,DISTORTED HUMOR,DISTORTED HUMOR,,,,0,,,1901-01-01,PARAMOUNT SALES AGENT VII,,,,BARCLAY TAGG AGENT FOR RICHARD PRESSMAN,,,,51000,,,,,T,0.0,,DISTORTED NEWS,ACCELERATE,DISTORTED HUMOR,
2022,Y,22FTSARNYB,2022-08-15,1,2,547,547,No Horse,No Horse,,,2021-02-14,2021,1,B,C,,Y,,,NY,LEOFRIC,LEOFRIC,DIVA'S DELIGHT,DIVA'S DELIGHT,TIZ WONDERFUL,TIZ WONDERFUL,,,,0,,,1901-01-01,BLUEWATER SALES LLC AGENT XI,,,,LEGION BLOODSTOCK,,,,40000,,,,,T,0.0,,DIVA'S DELIGHT,LEOFRIC,TIZ WONDERFUL,
2022,Y,22FTSARNYB,2022-08-15,1,2,548,548,No Horse,No Horse,,,2021-03-29,2021,1,GRR,F,,Y,,,NY,NYQUIST,NYQUIST,EDITH COURT,EDITH COURT,POMEROY,POMEROY,,,,0,,,1901-01-01,THORNDALE FARM AGENT,,,,REEVES THOROUGHBRED RACING,,,,270000,,,,,T,0.0,,EDITH COURT,NYQUIST,POMEROY,
2022,Y,22FTSARNYB,2022-08-15,1,2,549,549,No Horse,No Horse,,,2021-01-19,2021,1,CH,F,,Y,,,NY,TAPITURE,TAPITURE,ELEGANT CURL,ELEGANT CURL,CURLIN,CURLIN,,,,0,,,1901-01-01,THORNDALE FARM AGENT,,,,OUT,,,,0,,,,,T,0.0,,ELEGANT CURL,TAPITURE,CURLIN,
2022,Y,22FTSARNYB,2022-08-15,1,2,550,550,No Horse,No Horse,,,2021-02-20,2021,1,DKB,F,,Y,,,NY,HARD SPUN,HARD SPUN,ELLIE'S SMILE,ELLIE'S SMILE,TAPIT,TAPIT,,,,0,,,1901-01-01,FOUR STAR SALES AGENT,,,,UNTIES THOROUGHBREDS,,,,50000,,,,,T,0.0,,ELLIE'S SMILE,HARD SPUN,TAPIT,
2022,Y,22FTSARNYB,2022-08-15,1,2,551,551,No Horse,No Horse,,,2021-02-25,2021,1,CH,F,,Y,,,NY,BUSTIN STONES,BUSTIN STONES,EL REBECCA,EL REBECCA,EL CORREDOR,EL CORREDOR,,,,0,,,1901-01-01,PARAMOUNT SALES AGENT IX,,,,BIG D STABLES,,,,50000,,,,,T,0.0,,EL REBECCA,BUSTIN STONES,EL CORREDOR,
2022,Y,22FTSARNYB,2022-08-15,1,2,552,552,No Horse,No Horse,,,2021-03-07,2021,1,DKB,C,,Y,,,NY,NYQUIST,NYQUIST,ENVIOUS MOON,ENVIOUS MOON,MALIBU MOON,MALIBU MOON,,,,0,,,1901-01-01,INDIAN CREEK AGENT,,,,SCANLON TRAINING & SALES,,,,150000,,,,,T,0.0,,ENVIOUS MOON,NYQUIST,MALIBU MOON,
2022,Y,22FTSARNYB,2022-08-15,1,2,553,553,No Horse,No Horse,,,2021-04-12,2021,1,B,C,,Y,,,NY,LAOBAN,LAOBAN,ESKEN LADY,ESKEN LADY,ESKENDEREYA,ESKENDEREYA,,,,0,,,1901-01-01,STUART MORRIS AGENT I,,,,THOMAS J. GALLO AGENT FOR DREAM MAKER RACING,,,,50000,,,,,T,0.0,,ESKEN LADY,LAOBAN,ESKENDEREYA,
2022,Y,22FTSARNYB,2022-08-15,1,2,554,554,No Horse,No Horse,,,2021-02-09,2021,1,GRR,C,,Y,,,NY,ENTICED,ENTICED,EVER NICE (ARG),EVER NICE (ARG),MUTAKDDIM,MUTAKDDIM,,,,0,,,1901-01-01,EATON SALES AGENT,,,,BARCLAY TAGG FOR BILL PRICE,,,,87000,,,,,T,0.0,,EVER NICE (ARG),ENTICED,MUTAKDDIM,
2022,Y,22FTSARNYB,2022-08-15,1,2,555,555,No Horse,No Horse,,,2021-04-07,2021,1,B,C,,Y,,,NY,MAXIMUS MISCHIEF,MAXIMUS MISCHIEF,EXPLICABLE,EXPLICABLE,PIONEEROF THE NILE,PIONEEROF THE NILE,,,,0,,,1901-01-01,SEQUEL NEW YORK AGENT,,,,TOM MCCROCKLIN AGENT,,,,165000,,,,,T,0.0,,EXPLICABLE,MAXIMUS MISCHIEF,PIONEEROF THE NILE,
2022,Y,22FTSARNYB,2022-08-15,1,2,556,556,No Horse,No Horse,,,2021-02-21,2021,1,B,C,,Y,,,NY,MAXIMUS MISCHIEF,MAXIMUS MISCHIEF,EXPOSURE,EXPOSURE,COLONEL JOHN,COLONEL JOHN,,,,0,,,1901-01-01,SUMMERFIELD (FRANCIS & BARBARA VANLANGENDONCK) AGENT FOR GO-TO-TOGA RACING LLC,,,,WOODBERRY PAYNE AGENT,,,,29000,,,,,T,0.0,,EXPOSURE,MAXIMUS MISCHIEF,COLONEL JOHN,
2022,Y,22FTSARNYB,2022-08-15,1,2,557,557,No Horse,No Horse,,,2021-01-29,2021,1,B,C,,Y,,,NY,FLATTER,FLATTER,FALCONESS,FALCONESS,FOREST WILDCAT,FOREST WILDCAT,,,,0,,,1901-01-01,ST GEORGE SALES AGENT II,,,,WEST BLDSTK AGENT FOR REPOLE STABLE,,,,150000,,,,,T,0.0,,FALCONESS,FLATTER,FOREST WILDCAT,
2022,Y,22FTSARNYB,2022-08-15,1,2,558,558,No Horse,No Horse,,,2021-03-09,2021,1,DKB,C,,Y,,,NY,GOOD SAMARITAN,GOOD SAMARITAN,FANCY CHANCE,FANCY CHANCE,REVOLVING,REVOLVING,,,,0,,,1901-01-01,VINERY SALES AGENT V,,,,NOT SOLD,,,,55000,,,,,T,0.0,,FANCY CHANCE,GOOD SAMARITAN,REVOLVING,
2022,Y,22FTSARNYB,2022-08-15,1,2,559,559,No Horse,No Horse,,,2021-02-17,2021,1,B,C,,Y,,,NY,CONNECT,CONNECT,FEAR THIS,FEAR THIS,GHOSTZAPPER,GHOSTZAPPER,,,,0,,,1901-01-01,FORT CHRISTOPHER'S THOROUGHBREDS LLC AGENT,,,,BECKY THOMAS AGENT,,,,85000,,,,,T,0.0,,FEAR THIS,CONNECT,GHOSTZAPPER,
2022,Y,22FTSARNYB,2022-08-15,1,2,560,560,No Horse,No Horse,,,2021-02-07,2021,1,B,C,,Y,,,NY,ENTICED,ENTICED,FERRITTO,FERRITTO,SUAVE,SUAVE,,,,0,,,1901-01-01,TURNING POINT BLOODSTOCK AGENT,,,,SANDY GLEYER STABLES/ SANDRA VARDINE,,,,13000,,,,,T,0.0,,FERRITTO,ENTICED,SUAVE,
2022,Y,22FTSARNYB,2022-08-15,1,2,561,561,No Horse,No Horse,,,2021-02-05,2021,1,CH,C,,Y,,,NY,FLAMEAWAY,FLAMEAWAY,FIERY DANCER,FIERY DANCER,ATTICUS,ATTICUS,,,,0,,,1901-01-01,TURNING POINT BLOODSTOCK AGENT,,,,NOT SOLD,,,,32000,,,,,T,0.0,,FIERY DANCER,FLAMEAWAY,ATTICUS,
2022,Y,22FTSARNYB,2022-08-15,1,2,562,562,No Horse,No Horse,,,2021-04-17,2021,1,GRR,C,,Y,,,NY,LIAM'S MAP,LIAM'S MAP,FIRE ASSAY,FIRE ASSAY,MEDAGLIA D'ORO,MEDAGLIA D'ORO,,,,0,,,1901-01-01,DENALI STUD AGENT VIII,,,,GRASSROOTS TRN & SALES LLC,,,,70000,,,,,T,0.0,,FIRE ASSAY,LIAM'S MAP,MEDAGLIA D'ORO,
2022,Y,22FTSARNYB,2022-08-15,1,2,563,563,No Horse,No Horse,,,2021-04-24,2021,1,CH,C,,Y,,,NY,GUN RUNNER,GUN RUNNER,FLATTERYWILLGETYOU,FLATTERYWILLGETYOU,FLATTER,FLATTER,,,,0,,,1901-01-01,TURNING POINT BLOODSTOCK AGENT,,,,COLT PIKE AGENT,,,,220000,,,,,T,0.0,,FLATTERYWILLGETYOU,GUN RUNNER,FLATTER,
2022,Y,22FTSARNYB,2022-08-15,1,2,564,564,No Horse,No Horse,,,2021-04-13,2021,1,GRR,F,,Y,,,NY,TAPIT,TAPIT,FLIPCUP,FLIPCUP,MILWAUKEE BREW,MILWAUKEE BREW,,,,0,,,1901-01-01,DENALI STUD AGENT III,,,,SPENDTHRIFT FARM LLC,,,,325000,,,,,T,0.0,,FLIPCUP,TAPIT,MILWAUKEE BREW,
2022,Y,22FTSARNYB,2022-08-15,1,2,565,565,No Horse,No Horse,,,2021-04-21,2021,1,DKB,F,,Y,,,NY,HONOR CODE,HONOR CODE,FREUD'S NOTEBOOK,FREUD'S NOTEBOOK,FREUD,FREUD,,,,0,,,1901-01-01,RFHF BLOODSTOCK LLC AGENT,,,,MECEE STABLE,,,,45000,,,,,T,0.0,,FREUD'S NOTEBOOK,HONOR CODE,FREUD,
2022,Y,22FTSARNYB,2022-08-15,1,2,566,566,No Horse,No Horse,,,2021-03-01,2021,1,B,F,,Y,,,NY,MAXIMUS MISCHIEF,MAXIMUS MISCHIEF,FROLIC'S CANDY,FROLIC'S CANDY,CANDY RIDE (ARG),CANDY RIDE (ARG),,,,0,,,1901-01-01,COLIN BRENNAN BLOODSTOCK AGENT I,,,,DOWNTON WALK BLOODSTOCK,,,,150000,,,,,T,0.0,,FROLIC'S CANDY,MAXIMUS MISCHIEF,CANDY RIDE (ARG),
2022,Y,22FTSARNYB,2022-08-15,1,2,567,567,No Horse,No Horse,,,2021-02-02,2021,1,CH,C,,Y,,,NY,MALIBU MOON,MALIBU MOON,FROSTIE ANNE,FROSTIE ANNE,FROST GIANT,FROST GIANT,,,,0,,,1901-01-01,ROYAL BLOODSTOCK SALES LLC AGENT,,,,OUT,,,,0,,,,,T,0.0,,FROSTIE ANNE,MALIBU MOON,FROST GIANT,
2022,Y,22FTSARNYB,2022-08-15,1,2,568,568,No Horse,No Horse,,,2021-03-08,2021,1,DKB,C,,Y,,,NY,MALIBU MOON,MALIBU MOON,FROSTY MARGARITA,FROSTY MARGARITA,FROST GIANT,FROST GIANT,,,,0,,,1901-01-01,SARATOGA GLEN FARM LLC AGENT,,,,OUT,,,,0,,,,,T,0.0,,FROSTY MARGARITA,MALIBU MOON,FROST GIANT,
2022,Y,22FTSARNYB,2022-08-15,1,2,569,569,No Horse,No Horse,,,2021-03-10,2021,1,DKB,C,,Y,,,NY,DIALED IN,DIALED IN,FU PEGGI SUE,FU PEGGI SUE,FUSAICHI PEGASUS,FUSAICHI PEGASUS,,,,0,,,1901-01-01,SETH GREGORY BLOODSTOCK,,,,SCARLET OAK RACING LLC,,,,20000,,,,,T,0.0,,FU PEGGI SUE,DIALED IN,FUSAICHI PEGASUS,
2022,Y,22FTSARNYB,2022-08-15,1,2,570,570,No Horse,No Horse,,,2021-04-20,2021,1,CH,C,,Y,,,NY,MALIBU MOON,MALIBU MOON,GARDEN CITY,GARDEN CITY,CARSON CITY,CARSON CITY,,,,0,,,1901-01-01,RFHF BLOODSTOCK LLC AGENT,,,,KINGS EQUINE,,,,50000,,,,,T,0.0,,GARDEN CITY,MALIBU MOON,CARSON CITY,
2022,Y,22FTSARNYB,2022-08-15,1,2,571,571,No Horse,No Horse,,,2021-04-07,2021,1,DKB,C,,Y,,,NY,BOLT D'ORO,BOLT D'ORO,GENEROSITY,GENEROSITY,UNBRIDLED'S SONG,UNBRIDLED'S SONG,,,,0,,,1901-01-01,LEGACY BLOODSTOCK AGENT,,,,SUSAN MOULTON,,,,195000,,,,,T,0.0,,GENEROSITY,BOLT D'ORO,UNBRIDLED'S SONG,
2022,Y,22FTSARNYB,2022-08-15,1,2,572,572,No Horse,No Horse,,,2021-04-20,2021,1,B,C,,Y,,,NY,CATALINA CRUISER,CATALINA CRUISER,GENTLE GALE,GENTLE GALE,STORM CAT,STORM CAT,,,,0,,,1901-01-01,RFHF BLOODSTOCK LLC AGENT,,,,NEW PROJECTS,,,,40000,,,,Y,T,0.0,,GENTLE GALE,CATALINA CRUISER,STORM CAT,
2022,Y,22FTSARNYB,2022-08-15,1,2,573,573,No Horse,No Horse,,,2021-04-17,2021,1,DKB,C,,Y,,,NY,ARROGATE,ARROGATE,GEORGIE'S ANGEL,GEORGIE'S ANGEL,BELLAMY ROAD,BELLAMY ROAD,,,,0,,,1901-01-01,EATON SALES AGENT FOR LONGFORD FARM,,,,TOM MCCROCKLIN AGENT FOR CHAMPION EQUINE,,,,700000,,,,,T,0.0,,GEORGIE'S ANGEL,ARROGATE,BELLAMY ROAD,
2022,Y,22FTSARNYB,2022-08-15,1,2,574,574,No Horse,No Horse,,,2021-04-30,2021,1,CH,C,,Y,,,NY,MORE THAN READY,MORE THAN READY,GIANT BLOSSOM,GIANT BLOSSOM,GIANT'S CAUSEWAY,GIANT'S CAUSEWAY,,,,0,,,1901-01-01,TAYLOR MADE SALES AGENCY AGENT LXXX,,,,RANDI PERSAUD,,,,37000,,,,,T,0.0,,GIANT BLOSSOM,MORE THAN READY,GIANT'S CAUSEWAY,
2022,Y,22FTSARNYB,2022-08-15,1,2,575,575,No Horse,No Horse,,,2021-02-14,2021,1,B,C,,Y,,,NY,FROSTED,FROSTED,GIRLNTHEYELLOWTAXI,GIRLNTHEYELLOWTAXI,ELUSIVE QUALITY,ELUSIVE QUALITY,,,,0,,,1901-01-01,DENALI STUD AGENT XII,,,,JAY GOODWIN AGENT FOR WESLEY WARD,,,,80000,,,,,T,0.0,,GIRLNTHEYELLOWTAXI,FROSTED,ELUSIVE QUALITY,
2022,Y,22FTSARNYB,2022-08-15,1,2,576,576,No Horse,No Horse,,,2021-04-27,2021,1,B,C,,Y,,,NY,ENTICED,ENTICED,GIRL WITH A CURL,GIRL WITH A CURL,CURLIN,CURLIN,,,,0,,,1901-01-01,TURNING POINT BLOODSTOCK AGENT,,,,LEPPOH,,,,20000,,,,,T,0.0,,GIRL WITH A CURL,ENTICED,CURLIN,
2022,Y,22FTSARNYB,2022-08-15,1,2,577,577,No Horse,No Horse,,,2021-03-14,2021,1,DKB,C,,Y,,,NY,TWIRLING CANDY,TWIRLING CANDY,GOLDENMINE,GOLDENMINE,MINESHAFT,MINESHAFT,,,,0,,,1901-01-01,STUART MORRIS AGENT FOR WALDORF FARM ET AL,,,,KINGS EQUINE,,,,62000,,,,,T,0.0,,GOLDENMINE,TWIRLING CANDY,MINESHAFT,
2022,Y,22FTSARNYB,2022-08-15,1,2,578,578,No Horse,No Horse,,,2021-05-06,2021,1,CH,C,,Y,,,NY,FREUD,FREUD,GOODN'READY,GOODN'READY,MORE THAN READY,MORE THAN READY,,,,0,,,1901-01-01,SEQUEL NEW YORK AGENT,,,,REEVES THOROUGHBRED RACING,,,,75000,,,,,T,0.0,,GOODN'READY,FREUD,MORE THAN READY,
2022,Y,22FTSARNYB,2022-08-15,1,2,579,579,No Horse,No Horse,,,2021-03-11,2021,1,B,F,,Y,,,NY,TAPIZAR,TAPIZAR,GRACEFUL RAGE,GRACEFUL RAGE,TIZNOW,TIZNOW,,,,0,,,1901-01-01,COLIN BRENNAN BLOODSTOCK AGENT III,,,,NIALL BRENNAN FOR J.R. INTERNATIONAL,,,,65000,,,,,T,0.0,,GRACEFUL RAGE,TAPIZAR,TIZNOW,
2022,Y,22FTSARNYB,2022-08-15,1,2,580,580,No Horse,No Horse,,,2021-02-27,2021,1,B,C,,Y,,,NY,AUDIBLE,AUDIBLE,GRACEWOOD,GRACEWOOD,UNBRIDLED'S SONG,UNBRIDLED'S SONG,,,,0,,,1901-01-01,BLUEWATER SALES LLC AGENT VIII,,,,PICK VIEW,,,,140000,,,,,T,0.0,,GRACEWOOD,AUDIBLE,UNBRIDLED'S SONG,
2022,Y,22FTSARNYB,2022-08-15,1,2,581,581,No Horse,No Horse,,,2021-03-14,2021,1,CH,F,,Y,,,NY,PRACTICAL JOKE,PRACTICAL JOKE,GRACILIA,GRACILIA,MR. GREELEY,MR. GREELEY,,,,0,,,1901-01-01,DENALI STUD AGENT VI,,,,NOT SOLD,,,,185000,,,,,T,0.0,,GRACILIA,PRACTICAL JOKE,MR. GREELEY,
2022,Y,22FTSARNYB,2022-08-15,1,2,582,582,No Horse,No Horse,,,2021-04-01,2021,1,B,F,,Y,,,NY,FLAMEAWAY,FLAMEAWAY,GRAN LUCKY GIRL,GRAN LUCKY GIRL,MACLEAN'S MUSIC,MACLEAN'S MUSIC,,,,0,,,1901-01-01,SUMMERFIELD (FRANCIS & BARBARA VANLANGENDONCK) AGENT FOR GO-TO-TOGA RACING LLC,,,,JULIE DAVIES AGT.,,,,180000,,,,,T,0.0,,GRAN LUCKY GIRL,FLAMEAWAY,MACLEAN'S MUSIC,
2022,Y,22FTSARNYB,2022-08-15,1,2,583,583,No Horse,No Horse,,,2021-02-16,2021,1,CH,F,,Y,,,NY,GUN RUNNER,GUN RUNNER,GUN CLUB,GUN CLUB,TRAPPE SHOT,TRAPPE SHOT,,,,0,,,1901-01-01,HUNTER VALLEY FARM AGENT,,,,NOT SOLD,,,,290000,,,,,T,0.0,,GUN CLUB,GUN RUNNER,TRAPPE SHOT,
