SALEYEAR,SALETYPE,SALECODE,BOOK,DAY,SALEDATE,HIP,HIPNUM,HORSE,CHORSE,RATING,TATTOO,DATEFOAL,AGE,COLOR,SEX,GAIT,TYPE,RECORD,ET,ELIG,SIRE,CSIRE,DAM,CDAM,SIREOFDAM,CSIREOFDAM,DAMOFDAM,CDAMOFDAM,DAMTATT,DAMYOF,DDAMTATT,BREDTO,LASTBRED,CONSLNAME,CONSNO,PEMCODE,PURFNAME,PURLNAME,SBCITY,SBSTATE,SBCOUNTRY,PRICE,CURRENCY,URL,NFFM,PRIVATESALE,BREED,YEARFOAL,UTT,STATUS,TDAM,tSire,tSireofdam
2024,M,24KEENOVHRA,1,1,2024-11-14,4001,4001,Queens Fable (IRE),Queens Fable (IRE),,,2021-02-08,3,B,F,,BRP,,,,Frankel (GB),Frankel (GB),Rymska (FR),Rymska (FR),,,,,,0,,,1901-01-01,"ELiTE, Agent ",,,,Out,,,,0.0,,,,,T,2021,0.0,,Rymska (FR),Frankel (GB),
2024,M,24KEENOVHRA,1,1,2024-11-14,4002,4002,Ready as Ever,Ready as Ever,,,2021-03-20,3,B    ,G,,RP,,,,More Than Ready,More Than Ready,Al Andaleeb,Al Andaleeb,,,,,,0,,,1901-01-01,Godolphin ,,,,"Steven W. Young, Agent",,,,25000.0,,,,,T,2021,0.0,,Al Andaleeb,More Than Ready,
2024,M,24KEENOVHRA,1,1,2024-11-14,4003,4003,Real Eleve,Real Eleve,,,2022-05-05,2,B,C,,SRP,,,,Authentic,Authentic,Corps de Ballet,Corps de Ballet,,,,,,0,,,1901-01-01,"ELiTE, Agent ",,,,Out,,,,0.0,,,,,T,2022,0.0,,Corps de Ballet,Authentic,
2024,M,24KEENOVHRA,1,1,2024-11-14,4004,4004,Reincarnate,Reincarnate,,,2020-04-01,4,GR/RO,C,,SRP,,,,Good Magic,Good Magic,Allanah,Allanah,,,,,,0,,,1901-01-01,"ELiTE, Agent ",,,,Out,,,,0.0,,,,,T,2020,0.0,,Allanah,Good Magic,
2024,M,24KEENOVHRA,1,1,2024-11-14,4005,4005,Research Results,Research Results,,,2021-04-21,3,CH,C,,SRP,,,,Munnings,Munnings,Mia and Molly,Mia and Molly,,,,,,0,,,1901-01-01,"ELiTE, Agent ",,,,Out,,,,0.0,,,,,T,2021,0.0,,Mia and Molly,Munnings,
2024,M,24KEENOVHRA,1,1,2024-11-14,4006,4006,Retouch (FR),Retouch (FR),,,2021-02-26,3,B,C,,SRP,,,,Demarchelier (GB),Demarchelier (GB),Sketches of Spain (IRE),Sketches of Spain (IRE),,,,,,0,,,1901-01-01,"ELiTE, Agent ",,,,Out,,,,0.0,,,,,T,2021,0.0,,Sketches of Spain (IRE),Demarchelier (GB),
2024,M,24KEENOVHRA,1,1,2024-11-14,4007,4007,Rhetorical,Rhetorical,,,2021-03-03,3,DB/BR,G,,RP,,,,Not This Time,Not This Time,Sheet Humor,Sheet Humor,,,,,,0,,,1901-01-01,"ELiTE, Agent for WinStar Racing ",,,,Out,,,,0.0,,,,,T,2021,0.0,,Sheet Humor,Not This Time,
2024,M,24KEENOVHRA,1,1,2024-11-14,4008,4008,Rockville,Rockville,,,2022-02-24,2,B,G,,RP,,,,Bernardini,Bernardini,Sarah's Pleasure,Sarah's Pleasure,,,,,,0,,,1901-01-01,"Hunter Valley Farm, Agent ",,,,Stripes Stable,,,,19000.0,,,,,T,2022,0.0,,Sarah's Pleasure,Bernardini,
2024,M,24KEENOVHRA,1,1,2024-11-14,4009,4009,Rosa,Rosa,,,2021-05-20,3,CH,F,,BRP,,,,Street Boss,Street Boss,Magnificience,Magnificience,,,,,,0,,,1901-01-01,"Grovendale Sales, Agent II ",,,,Hunter Valley Farm,,,,95000.0,,,,,T,2021,0.0,,Magnificience,Street Boss,
2024,M,24KEENOVHRA,1,1,2024-11-14,4010,4010,Rothschild,Rothschild,,,2021-02-23,3,B,C,,SRP,,,,Uncle Mo,Uncle Mo,Still There,Still There,,,,,,0,,,1901-01-01,"ELiTE, Agent ",,,,Out,,,,0.0,,,,,T,2021,0.0,,Still There,Uncle Mo,
2024,M,24KEENOVHRA,1,1,2024-11-14,4011,4011,Sacred Image,Sacred Image,,,2021-05-08,3,CH,F,,BRP,,,,Catholic Boy,Catholic Boy,Painter's Muse (GB),Painter's Muse (GB),,,,,,0,,,1901-01-01,"ELiTE, Agent ",,,,"Equinox Inc., Agent for Go To Toga Racing LLC",,,,27000.0,,,,,T,2021,0.0,,Painter's Muse (GB),Catholic Boy,
2024,M,24KEENOVHRA,1,1,2024-11-14,4012,4012,Saint Gaudens,Saint Gaudens,,,2021-04-21,3,B,C,,SRP,,,,Into Mischief,Into Mischief,Artemis Agrotera,Artemis Agrotera,,,,,,0,,,1901-01-01,"ELiTE, Agent ",,,,Out,,,,0.0,,,,,T,2021,0.0,,Artemis Agrotera,Into Mischief,
2024,M,24KEENOVHRA,1,1,2024-11-14,4013,4013,Sale Leaseback (IRE),Sale Leaseback (IRE),,,2021-02-08,3,B,F,,BRP,,,,Night of Thunder (IRE),Night of Thunder (IRE),Dreaming Time (GB),Dreaming Time (GB),,,,,,0,,,1901-01-01,"ELiTE, Agent ",,,,Narvick /NAJD Stud,,,,35000.0,,,,,T,2021,0.0,,Dreaming Time (GB),Night of Thunder (IRE),
2024,M,24KEENOVHRA,1,1,2024-11-14,4014,4014,Sandy Creek (IRE),Sandy Creek (IRE),,,2020-03-20,4,B,F,,BRP,,,,Frankel (GB),Frankel (GB),Bonanza Creek (IRE),Bonanza Creek (IRE),,,,,,0,,,1901-01-01,"ELiTE, Agent ",,,,Out,,,,0.0,,,,,T,2020,0.0,,Bonanza Creek (IRE),Frankel (GB),
2024,M,24KEENOVHRA,1,1,2024-11-14,4015,4015,Sardis,Sardis,,,2021-04-25,3,B,C,,SRP,,,,Into Mischief,Into Mischief,Endless Chat,Endless Chat,,,,,,0,,,1901-01-01,"Paramount Sales, Agent for Three Diamonds Farm (Partial Racing Dispersal)",,,,Out,,,,0.0,,,,,T,2021,0.0,,Endless Chat,Into Mischief,
2024,M,24KEENOVHRA,1,1,2024-11-14,4016,4016,Say Cheez Louise,Say Cheez Louise,,,2021-02-17,3,CH,F,,BRP,,,,Oscar Performance,Oscar Performance,Emma Lazarus,Emma Lazarus,,,,,,0,,,1901-01-01,"Grovendale Sales, Agent III ",,,,Stripes Stable,,,,15000.0,,,,,T,2021,0.0,,Emma Lazarus,Oscar Performance,
2024,M,24KEENOVHRA,1,1,2024-11-14,4017,4017,Scarborough Fair,Scarborough Fair,,,2021-03-24,3,DB/BR,F,,BRP,,,,Speightstown,Speightstown,Blessings First,Blessings First,,,,,,0,,,1901-01-01,"ELiTE, Agent ",,,,"Steven W. Young, Agent",,,,32000.0,,,,,T,2021,0.0,,Blessings First,Speightstown,
2024,M,24KEENOVHRA,1,1,2024-11-14,4018,4018,Secured Lender,Secured Lender,,,2021-04-04,3,DB/BR,G,,RP,,,,Omaha Beach,Omaha Beach,Satisfaction,Satisfaction,,,,,,0,,,1901-01-01,"ELiTE, Agent ",,,,Out,,,,0.0,,,,,T,2021,0.0,,Satisfaction,Omaha Beach,
2024,M,24KEENOVHRA,1,1,2024-11-14,4019,4019,Shade of Pale,Shade of Pale,,,2021-01-30,3,DB/BR,F,,BRP,,,,Demarchelier (GB),Demarchelier (GB),Pale Moon (GB),Pale Moon (GB),,,,,,0,,,1901-01-01,"ELiTE, Agent ",,,,"R.N.A. (85,000)",,,,85000.0,,,,,T,2021,0.0,,Pale Moon (GB),Demarchelier (GB),
2024,M,24KEENOVHRA,1,1,2024-11-14,4020,4020,She a Baddie,She a Baddie,,,2021-04-15,3,B,F,,BRP,,,,World of Trouble,World of Trouble,With Herself (IRE),With Herself (IRE),,,,,,0,,,1901-01-01,"Paramount Sales, Agent III ",,,,Stripes Stable,,,,27000.0,,,,,T,2021,0.0,,With Herself (IRE),World of Trouble,
2024,M,24KEENOVHRA,1,1,2024-11-14,4021,4021,Shifty Gold,Shifty Gold,,,2022-04-20,2,DB/BR,C,,SRP,,,,Twirling Candy,Twirling Candy,Is It Gold,Is It Gold,,,,,,0,,,1901-01-01,"ELiTE, Agent ",,,,Out,,,,0.0,,,,,T,2022,0.0,,Is It Gold,Twirling Candy,
2024,M,24KEENOVHRA,1,1,2024-11-14,4022,4022,Silverleaf Champ,Silverleaf Champ,,,2021-05-30,3,CH,C,,SRP,,,,Justify,Justify,Ginger Tap,Ginger Tap,,,,,,0,,,1901-01-01,"ELiTE, Agent ",,,,Out,,,,0.0,,,,,T,2021,0.0,,Ginger Tap,Justify,
2024,M,24KEENOVHRA,1,1,2024-11-14,4023,4023,Silver Prospector,Silver Prospector,,,2017-03-09,7,GR/RO,H,,SRP,,,,Declaration of War,Declaration of War,Tap Softly,Tap Softly,,,,,,0,,,1901-01-01,"Paramount Sales, Agent I ",,,,Out,,,,0.0,,,,,T,2017,0.0,,Tap Softly,Declaration of War,
2024,M,24KEENOVHRA,1,1,2024-11-14,4024,4024,Smokin' T,Smokin' T,,,2019-02-11,5,B    ,H,,SRP,,,,War Front,War Front,Wine Princess,Wine Princess,,,,,,0,,,1901-01-01,"Denali Stud, Agent III ",,,,"BSW/Crow, Agent",,,,160000.0,,,,,T,2019,0.0,,Wine Princess,War Front,
2024,M,24KEENOVHRA,1,1,2024-11-14,4025,4025,Social Hour,Social Hour,,,2022-04-08,2,CH,C,,SRP,,,,Practical Joke,Practical Joke,Rumandice,Rumandice,,,,,,0,,,1901-01-01,"ELiTE, Agent for WinStar Racing ",,,,Out,,,,0.0,,,,,T,2022,0.0,,Rumandice,Practical Joke,
2024,M,24KEENOVHRA,1,1,2024-11-14,4026,4026,Solve the Puzzle,Solve the Puzzle,,,2021-04-23,3,B,F,,BRP,,,,Bolt d'Oro,Bolt d'Oro,Sweet Sugar,Sweet Sugar,,,,,,0,,,1901-01-01,"ELiTE, Agent ",,,,Out,,,,0.0,,,,,T,2021,0.0,,Sweet Sugar,Bolt d'Oro,
2024,M,24KEENOVHRA,1,1,2024-11-14,4027,4027,Songmaker,Songmaker,,,2021-03-17,3,GR/RO,F,,BRP,,,,Bird Song,Bird Song,Bird Maker,Bird Maker,,,,,,0,,,1901-01-01,"Gainesway, Agent for the Estate of John Hendrickson ",,,,Fleetwood Bloodstock,,,,60000.0,,,,,T,2021,0.0,,Bird Maker,Bird Song,
2024,M,24KEENOVHRA,1,1,2024-11-14,4028,4028,Special Element,Special Element,,,2021-03-14,3,DB/BR,C,,SRP,,,,Copper Bullet,Copper Bullet,It's High Time,It's High Time,,,,,,0,,,1901-01-01,"Denali Stud, Agent V ",,,,Stripes Stable,,,,16000.0,,,,,T,2021,0.0,,It's High Time,Copper Bullet,
2024,M,24KEENOVHRA,1,1,2024-11-14,4029,4029,Speightsoulcomet,Speightsoulcomet,,,2021-03-05,3,B,F,,BRP,,,,Speightstown,Speightstown,Soul of Comete,Soul of Comete,,,,,,0,,,1901-01-01,"Hunter Valley Farm, Agent ",,,,"Highfield Investment Group, Inc",,,,25000.0,,,,,T,2021,0.0,,Soul of Comete,Speightstown,
2024,M,24KEENOVHRA,1,1,2024-11-14,4030,4030,Spenard,Spenard,,,2022-05-19,2,B,C,,SRP,,,,Spun to Run,Spun to Run,Tweeterdini,Tweeterdini,,,,,,0,,,1901-01-01,"Gainesway, Agent for the Estate of John Hendrickson ",,,,Joe Schumer,,,,70000.0,,,,,T,2022,0.0,,Tweeterdini,Spun to Run,
2024,M,24KEENOVHRA,1,1,2024-11-14,4031,4031,Stamp of Approval,Stamp of Approval,,,2021-03-09,3,B,F,,BRP,,,,Nyquist,Nyquist,This Is Magic,This Is Magic,,,,,,0,,,1901-01-01,"ELiTE, Agent ",,,,Out,,,,0.0,,,,,T,2021,0.0,,This Is Magic,Nyquist,
2024,M,24KEENOVHRA,1,1,2024-11-14,4032,4032,Stubby,Stubby,,,2022-02-16,2,B,F,,BRP,,,,War of Will,War of Will,Treasured Up,Treasured Up,,,,,,0,,,1901-01-01,"Hidden Brook, Agent I ",,,,"Judge Lanier Racing / Z. Madden, Agent",,,,23000.0,,,,,T,2022,0.0,,Treasured Up,War of Will,
2024,M,24KEENOVHRA,1,1,2024-11-14,4033,4033,Sudden Switch,Sudden Switch,,,2021-03-25,3,DB/BR,F,,BRP,,,,Munnings,Munnings,Switched Up,Switched Up,,,,,,0,,,1901-01-01,"Indian Creek, Agent ",,,,Out,,,,0.0,,,,,T,2021,0.0,,Switched Up,Munnings,
2024,M,24KEENOVHRA,1,1,2024-11-14,4034,4034,Suncroft,Suncroft,,,2020-03-28,4,B,C,,SRP,,,,Arrogate,Arrogate,Princess Karen,Princess Karen,,,,,,0,,,1901-01-01,"Hunter Valley Farm, Agent for Juddmonte ",,,,Out,,,,0.0,,,,,T,2020,0.0,,Princess Karen,Arrogate,
2024,M,24KEENOVHRA,1,1,2024-11-14,4035,4035,Sweet Mimi,Sweet Mimi,,,2021-02-26,3,CH,F,,BRP,,,,Good Magic,Good Magic,Rivercane,Rivercane,,,,,,0,,,1901-01-01,"Taylor Made Sales Agency, Agent VI ",,,,"R.N.A. (37,000)",,,,37000.0,,,,,T,2021,0.0,,Rivercane,Good Magic,
2024,M,24KEENOVHRA,1,1,2024-11-14,4036,4036,Taboo Hoo,Taboo Hoo,,,2020-03-27,4,DB/BR,F,,BRP,,,,Tonalist,Tonalist,Oh Boo Hoo,Oh Boo Hoo,,,,,,0,,,1901-01-01,"Taylor Made Sales Agency, Agent IX ",,,,Christmas & Dunne,,,,8000.0,,,,,T,2020,0.0,,Oh Boo Hoo,Tonalist,
2024,M,24KEENOVHRA,1,1,2024-11-14,4037,4037,Take Your Seats (IRE),Take Your Seats (IRE),,,2021-04-30,3,B,G,,RP,,,,Too Darn Hot (GB),Too Darn Hot (GB),Tarayef (IRE),Tarayef (IRE),,,,,,0,,,1901-01-01,"ELiTE, Agent ",,,,Out,,,,0.0,,,,,T,2021,0.0,,Tarayef (IRE),Too Darn Hot (GB),
2024,M,24KEENOVHRA,1,1,2024-11-14,4038,4038,Tapit'staleofverve,Tapit'staleofverve,,,2021-02-10,3,CH   ,C,,SRP,,,,Tapit,Tapit,Verve's Tale,Verve's Tale,,,,,,0,,,1901-01-01,"Hunter Valley Farm, Agent ",,,,Chad Schumer/ KGS,,,,50000.0,,,,,T,2021,0.0,,Verve's Tale,Tapit,
2024,M,24KEENOVHRA,1,1,2024-11-14,4039,4039,Tapit's Tale,Tapit's Tale,,,2020-01-01,4,GR/RO,C,,SRP,,,,Tapit,Tapit,Verve's Tale,Verve's Tale,,,,,,0,,,1901-01-01,"Hunter Valley Farm, Agent ",,,,Stripes Stable,,,,12000.0,,,,,T,2020,0.0,,Verve's Tale,Tapit,
2024,M,24KEENOVHRA,1,1,2024-11-14,4040,4040,Tea Tree Bay (GB),Tea Tree Bay (GB),,,2020-02-17,4,DB/BR,F,,BRP,,,,Tasleet (GB),Tasleet (GB),Kuriosa (IRE),Kuriosa (IRE),,,,,,0,,,1901-01-01,"Grovendale Sales, Agent V ",,,,Stripes Stable,,,,5000.0,,,,,T,2020,0.0,,Kuriosa (IRE),Tasleet (GB),
2024,M,24KEENOVHRA,1,1,2024-11-14,4041,4041,The Jackal,The Jackal,,,2020-03-18,4,B,C,,SRP,,,,Medaglia d'Oro,Medaglia d'Oro,Sweet Assassin,Sweet Assassin,,,,,,0,,,1901-01-01,"Lane's End, Agent ",,,,Clancy Bloodstock,,,,37000.0,,,,,T,2020,0.0,,Sweet Assassin,Medaglia d'Oro,
2024,M,24KEENOVHRA,1,1,2024-11-14,4042,4042,Tituba,Tituba,,,2020-03-02,4,B,F,,BRP,,,,Good Magic,Good Magic,Sabi Sands,Sabi Sands,,,,,,0,,,1901-01-01,"Paramount Sales, Agent for Three Diamonds Farm (Partial Racing Dispersal)",,,,Out,,,,0.0,,,,,T,2020,0.0,,Sabi Sands,Good Magic,
2024,M,24KEENOVHRA,1,1,2024-11-14,4043,4043,Tiz Wicked Strong,Tiz Wicked Strong,,,2020-01-31,4,DB/BR,G,,RP,,,,Wicked Strong,Wicked Strong,Tiz Kismet,Tiz Kismet,,,,,,0,,,1901-01-01,"ELiTE, Agent ",,,,Lindsay Schultz Racing Stable,,,,20000.0,,,,,T,2020,0.0,,Tiz Kismet,Wicked Strong,
2024,M,24KEENOVHRA,1,1,2024-11-14,4044,4044,Torpedo Run,Torpedo Run,,,2019-04-25,5,CH,G,,RP,,,,Gun Runner,Gun Runner,Stormy Tak,Stormy Tak,,,,,,0,,,1901-01-01,"ELiTE, Agent ",,,,Out,,,,0.0,,,,,T,2019,0.0,,Stormy Tak,Gun Runner,
2024,M,24KEENOVHRA,1,1,2024-11-14,4045,4045,Touchdown Rocket,Touchdown Rocket,,,2021-03-12,3,GR/RO,C,,SRP,,,,Arrogate,Arrogate,Sensitively,Sensitively,,,,,,0,,,1901-01-01,"ELiTE, Agent ",,,,E.B.S. Sales,,,,70000.0,,,,,T,2021,0.0,,Sensitively,Arrogate,
2024,M,24KEENOVHRA,1,1,2024-11-14,4046,4046,Tough Street,Tough Street,,,2019-03-01,5,CH,M,,BRP,,,,Speightster,Speightster,La Condesa,La Condesa,,,,,,0,,,1901-01-01,"ELiTE, Agent ",,,,Out,,,,0.0,,,,,T,2019,0.0,,La Condesa,Speightster,
2024,M,24KEENOVHRA,1,1,2024-11-14,4047,4047,Trademark,Trademark,,,2019-02-06,5,B,G,,RP,,,,Upstart,Upstart,Creative Trick,Creative Trick,,,,,,0,,,1901-01-01,"Royal Oak Farm (Damian & Braxton Lynch), Agent for BBN Racing",,,,Out,,,,0.0,,,,,T,2019,0.0,,Creative Trick,Upstart,
2024,M,24KEENOVHRA,1,1,2024-11-14,4048,4048,Transactional (GB),Transactional (GB),,,2019-04-26,5,B    ,G,,RP,,,,Kingman (GB),Kingman (GB),Go White Lightning (IRE),Go White Lightning (IRE),,,,,,0,,,1901-01-01,"ELiTE, Agent ",,,,Naukabena Farms LLC,,,,25000.0,,,,,T,2019,0.0,,Go White Lightning (IRE),Kingman (GB),
2024,M,24KEENOVHRA,1,1,2024-11-14,4049,4049,Truth Bomb,Truth Bomb,,,2022-02-16,2,CH,C,,SRP,,,,Tapit,Tapit,Shenandoah Queen,Shenandoah Queen,,,,,,0,,,1901-01-01,"ELiTE, Agent ",,,,Out,,,,0.0,,,,,T,2022,0.0,,Shenandoah Queen,Tapit,
2024,M,24KEENOVHRA,1,1,2024-11-14,4050,4050,Tuscaloosa,Tuscaloosa,,,2022-02-16,2,DB/BR,G,,RP,,,,Candy Ride (ARG),Candy Ride (ARG),Maya Malibu,Maya Malibu,,,,,,0,,,1901-01-01,"ELiTE, Agent for WinStar Racing ",,,,Out,,,,0.0,,,,,T,2022,0.0,,Maya Malibu,Candy Ride (ARG),
2024,M,24KEENOVHRA,1,1,2024-11-14,4051,4051,Tweetster,Tweetster,,,2021-04-27,3,CH,F,,BRP,,,,Practical Joke,Practical Joke,Tweeterdini,Tweeterdini,,,,,,0,,,1901-01-01,"Gainesway, Agent for the Estate of John Hendrickson ",,,,Narvick /NAJD Stud,,,,185000.0,,,,,T,2021,0.0,,Tweeterdini,Practical Joke,
2024,M,24KEENOVHRA,1,1,2024-11-14,4052,4052,Uncorrelated,Uncorrelated,,,2020-03-21,4,CH,G,,RP,,,,Arrogate,Arrogate,Harlan's Romance,Harlan's Romance,,,,,,0,,,1901-01-01,"ELiTE, Agent ",,,,Out,,,,0.0,,,,,T,2020,0.0,,Harlan's Romance,Arrogate,
2024,M,24KEENOVHRA,1,1,2024-11-14,4053,4053,Wajda,Wajda,,,2021-03-18,3,B,G,,RP,,,,Laoban,Laoban,Untapped Secret,Untapped Secret,,,,,,0,,,1901-01-01,"ELiTE, Agent ",,,,Out,,,,0.0,,,,,T,2021,0.0,,Untapped Secret,Laoban,
2024,M,24KEENOVHRA,1,1,2024-11-14,4054,4054,Walley World,Walley World,,,2021-03-12,3,B,C,,SRP,,,,More Than Ready,More Than Ready,Forced Family Fun,Forced Family Fun,,,,,,0,,,1901-01-01,"Mill Ridge Sales, Agent ",,,,"R.N.A. (65,000)",,,,65000.0,,,,,T,2021,0.0,,Forced Family Fun,More Than Ready,
2024,M,24KEENOVHRA,1,1,2024-11-14,4055,4055,Wandering Kirby,Wandering Kirby,,,2022-03-01,2,DB/BR,F,,BRP,,,,Violence,Violence,Miss Hanna Jo,Miss Hanna Jo,,,,,,0,,,1901-01-01,"Indian Creek, Agent ",,,,"R.N.A. (47,000)",,,,47000.0,,,,,T,2022,0.0,,Miss Hanna Jo,Violence,
2024,M,24KEENOVHRA,1,1,2024-11-14,4056,4056,Weighted Average,Weighted Average,,,2021-01-24,3,CH,F,,BRP,,,,English Channel,English Channel,Charreada,Charreada,,,,,,0,,,1901-01-01,"ELiTE, Agent ",,,,Out,,,,0.0,,,,,T,2021,0.0,,Charreada,English Channel,
2024,M,24KEENOVHRA,1,1,2024-11-14,4057,4057,Weigh the Risks,Weigh the Risks,,,2021-03-20,3,CH,F,,BRP,,,,Mendelssohn,Mendelssohn,Beautiful Liar,Beautiful Liar,,,,,,0,,,1901-01-01,"ELiTE, Agent ",,,,Out,,,,0.0,,,,,T,2021,0.0,,Beautiful Liar,Mendelssohn,
2024,M,24KEENOVHRA,1,1,2024-11-14,4058,4058,West Saratoga,West Saratoga,,,2021-03-19,3,GR/RO,C,,SRP,,,,Exaggerator,Exaggerator,Mo Wicked,Mo Wicked,,,,,,0,,,1901-01-01,"East Windwood Farm, Agent ",,,,Out,,,,0.0,,,,,T,2021,0.0,,Mo Wicked,Exaggerator,
2024,M,24KEENOVHRA,1,1,2024-11-14,4059,4059,Winterfell,Winterfell,,,2021-03-13,3,GR/RO,C,,SRP,,,,Arrogate,Arrogate,Forest Fashion,Forest Fashion,,,,,,0,,,1901-01-01,"ELiTE, Agent ",,,,Out,,,,0.0,,,,,T,2021,0.0,,Forest Fashion,Arrogate,
2024,M,24KEENOVHRA,1,1,2024-11-14,4060,4060,X J Rascal (IRE),X J Rascal (IRE),,,2020-02-09,4,B    ,G,,RP,,,,Kodiac (GB),Kodiac (GB),Fine If (IRE),Fine If (IRE),,,,,,0,,,1901-01-01,"Grovendale Sales, Agent V ",,,,Justin Jeansonne,,,,5500.0,,,,,T,2020,0.0,,Fine If (IRE),Kodiac (GB),
2024,M,24KEENOVHRA,1,1,2024-11-14,4061,4061,Yesternight,Yesternight,,,2020-03-21,4,DB/BR,F,,BRP,,,,Midnight Storm,Midnight Storm,Better Not Blink,Better Not Blink,,,,,,0,,,1901-01-01,"ELiTE, Agent ",,,,Out,,,,0.0,,,,,T,2020,0.0,,Better Not Blink,Midnight Storm,
2024,M,24KEENOVHRA,1,1,2024-11-14,4062,4062,Zeliha,Zeliha,,,2021-04-12,3,B,F,,BRP,,,,Speightster,Speightster,Torre Di Pisa,Torre Di Pisa,,,,,,0,,,1901-01-01,"Green Hills at Elmendorf, Agent ",,,,Jay Gates,,,,5000.0,,,,,T,2021,0.0,,Torre Di Pisa,Speightster,
2024,M,24KEENOVHRA,1,1,2024-11-14,4063,4063,Ziaerati,Ziaerati,,,2020-03-06,4,B,F,,BRP,,,,Into Mischief,Into Mischief,Zia,Zia,,,,,,0,,,1901-01-01,"ELiTE, Agent ",,,,Out,,,,0.0,,,,,T,2020,0.0,,Zia,Into Mischief,
2024,M,24KEENOVHRA,1,1,2024-11-14,4064,4064,Alcove,Alcove,,,2021-03-12,3,DB/BR,C,,SRP,,,,Twirling Candy,Twirling Candy,Structure,Structure,,,,,,0,,,1901-01-01,"Lane's End, Agent for Juddmonte ",,,,Moody Bluegrass LLC,,,,60000.0,,,,,T,2021,0.0,,Structure,Twirling Candy,
2024,M,24KEENOVHRA,1,1,2024-11-14,4065,4065,Alexis Zorba (GB),Alexis Zorba (GB),,,2020-03-05,4,B,C,,SRP,,,,Zoustar (AUS),Zoustar (AUS),Rue Cambon (IRE),Rue Cambon (IRE),,,,,,0,,,1901-01-01,"Paramount Sales, Agent for Three Diamonds Farm (Partial Racing Dispersal)",,,,"R.N.A. (55,000)",,,,55000.0,,,,,T,2020,0.0,,Rue Cambon (IRE),Zoustar (AUS),
2024,M,24KEENOVHRA,1,1,2024-11-14,4066,4066,Alyeska,Alyeska,,,2022-02-26,2,CH,F,,BRP,,,,Vekoma,Vekoma,Gull Island,Gull Island,,,,,,0,,,1901-01-01,"Gainesway, Agent for the Estate of John Hendrickson ",,,,"Steven W. Young, Agent",,,,675000.0,,,,,T,2022,0.0,,Gull Island,Vekoma,
2024,M,24KEENOVHRA,1,1,2024-11-14,4067,4067,Ando,Ando,,,2022-02-20,2,B,C,,SRP,,,,Into Mischief,Into Mischief,Tin Type Gal,Tin Type Gal,,,,,,0,,,1901-01-01,"ELiTE, Agent ",,,,Out,,,,0.0,,,,,T,2022,0.0,,Tin Type Gal,Into Mischief,
2024,M,24KEENOVHRA,1,1,2024-11-14,4068,4068,Angel of Light,Angel of Light,,,2020-02-04,4,DB/BR,F,,BRP,,,,City of Light,City of Light,Union Prayer,Union Prayer,,,,,,0,,,1901-01-01,"Taylor Made Sales Agency, Agent XIII ",,,,Cynthia O'Bannon,,,,1500.0,,,,,T,2020,0.0,,Union Prayer,City of Light,
2024,M,24KEENOVHRA,1,1,2024-11-14,4069,4069,Army Times,Army Times,,,2020-03-14,4,B,C,,SRP,,,,Into Mischief,Into Mischief,Paid Up Subscriber,Paid Up Subscriber,,,,,,0,,,1901-01-01,"ELiTE, Agent ",,,,Out,,,,0.0,,,,,T,2020,0.0,,Paid Up Subscriber,Into Mischief,
2024,M,24KEENOVHRA,1,1,2024-11-14,4070,4070,Au Paradis,Au Paradis,,,2020-04-29,4,B    ,C,,SRP,,,,Quality Road,Quality Road,Wonderful (IRE),Wonderful (IRE),,,,,,0,,,1901-01-01,"Denali Stud, Agent III ",,,,Chad Schumer/ KGS,,,,25000.0,,,,,T,2020,0.0,,Wonderful (IRE),Quality Road,
2024,M,24KEENOVHRA,1,1,2024-11-14,4071,4071,Avenue Niel (IRE),Avenue Niel (IRE),,,2019-03-04,5,CH,M,,BRP,,,,Helmet (AUS),Helmet (AUS),Andalouserie (FR),Andalouserie (FR),,,,,,0,,,1901-01-01,"Denali Stud, Agent II ",,,,R. Larry Johnson,,,,210000.0,,,,,T,2019,0.0,,Andalouserie (FR),Helmet (AUS),
2024,M,24KEENOVHRA,1,1,2024-11-14,4072,4072,Awesome Spirit Gal (FR),Awesome Spirit Gal (FR),,,2021-04-23,3,B,F,,BRP,,,,Invincible Spirit (IRE),Invincible Spirit (IRE),Awesome Gal (IRE),Awesome Gal (IRE),,,,,,0,,,1901-01-01,"Hunter Valley Farm, Agent ",,,,Out,,,,0.0,,,,,T,2021,0.0,,Awesome Gal (IRE),Invincible Spirit (IRE),
2024,M,24KEENOVHRA,1,1,2024-11-14,4073,4073,Back to Gridlock,Back to Gridlock,,,2020-04-20,4,DB/BR,F,,BRP,,,,Nyquist,Nyquist,Miss Luna,Miss Luna,,,,,,0,,,1901-01-01,"ELiTE, Agent ",,,,Out,,,,0.0,,,,,T,2020,0.0,,Miss Luna,Nyquist,
2024,M,24KEENOVHRA,1,1,2024-11-14,4074,4074,B D Saints,B D Saints,,,2021-02-22,3,B,C,,SRP,,,,Laoban,Laoban,Winsanity,Winsanity,,,,,,0,,,1901-01-01,"Hill 'n' Dale at Xalapa, Agent ",,,,Out,,,,0.0,,,,,T,2021,0.0,,Winsanity,Laoban,
2024,M,24KEENOVHRA,1,1,2024-11-14,4075,4075,Bedard,Bedard,,,2021-05-04,3,B    ,G,,RP,,,,Nyquist,Nyquist,Reason,Reason,,,,,,0,,,1901-01-01,"Grovendale Sales, Agent I ",,,,Flurry Racing Stable,,,,210000.0,,,,,T,2021,0.0,,Reason,Nyquist,
2024,M,24KEENOVHRA,1,1,2024-11-14,4076,4076,Beuys (IRE),Beuys (IRE),,,2018-04-29,6,B    ,G,,RP,,,,Siyouni (FR),Siyouni (FR),Plain Vanilla (FR),Plain Vanilla (FR),,,,,,0,,,1901-01-01,"Paramount Sales, Agent for Three Diamonds Farm (Partial Racing Dispersal)",,,,"R.N.A. (85,000)",,,,85000.0,,,,,T,2018,0.0,,Plain Vanilla (FR),Siyouni (FR),
2024,M,24KEENOVHRA,1,1,2024-11-14,4077,4077,Blame the Gelato,Blame the Gelato,,,2021-01-25,3,GR/RO,F,,BRP,,,,Blame,Blame,Bianco Tartufo,Bianco Tartufo,,,,,,0,,,1901-01-01,"Hill 'n' Dale at Xalapa, Agent ",,,,Machmer Hall,,,,65000.0,,,,,T,2021,0.0,,Bianco Tartufo,Blame,
2024,M,24KEENOVHRA,1,1,2024-11-14,4078,4078,Boltage,Boltage,,,2021-03-11,3,B,C,,SRP,,,,Bolt d'Oro,Bolt d'Oro,Ultimate Prize,Ultimate Prize,,,,,,0,,,1901-01-01,"Denali Stud, Agent V ",,,,Out,,,,0.0,,,,,T,2021,0.0,,Ultimate Prize,Bolt d'Oro,
2024,M,24KEENOVHRA,1,1,2024-11-14,4079,4079,Bolt to Run,Bolt to Run,,,2022-05-22,2,B,C,,SRP,,,,Bolt d'Oro,Bolt d'Oro,Bonnie Arch,Bonnie Arch,,,,,,0,,,1901-01-01,"ELiTE, Agent ",,,,Out,,,,0.0,,,,,T,2022,0.0,,Bonnie Arch,Bolt d'Oro,
2024,M,24KEENOVHRA,1,1,2024-11-14,4080,4080,Brindi (IRE),Brindi (IRE),,,2022-02-07,2,CH,F,,BRP,,,,No Nay Never,No Nay Never,Salamah (IRE),Salamah (IRE),,,,,,0,,,1901-01-01,"ELiTE, Agent ",,,,Moody Bluegrass LLC,,,,75000.0,,,,,T,2022,0.0,,Salamah (IRE),No Nay Never,
2024,M,24KEENOVHRA,1,1,2024-11-14,4081,4081,Kozak Spirit,Kozak Spirit,,,2021-03-19,3,DB/BR,F,,BRP,,,,Classic Empire,Classic Empire,Brown Eyed Mary,Brown Eyed Mary,,,,,,0,,,1901-01-01,"Green Hills at Elmendorf, Agent ",,,,Goat Racing Stable,,,,6000.0,,,,,T,2021,0.0,,Brown Eyed Mary,Classic Empire,
2024,M,24KEENOVHRA,1,1,2024-11-14,4082,4082,Brownie Bay,Brownie Bay,,,2021-02-08,3,DB/BR,F,,BRP,,,,Twirling Candy,Twirling Candy,Lough Ness,Lough Ness,,,,,,0,,,1901-01-01,"Hill 'n' Dale at Xalapa, Agent ",,,,Out,,,,0.0,,,,,T,2021,0.0,,Lough Ness,Twirling Candy,
2024,M,24KEENOVHRA,1,1,2024-11-14,4083,4083,Burden of Proof,Burden of Proof,,,2021-03-08,3,B,G,,RP,,,,Constitution,Constitution,Sand Puce (ARG),Sand Puce (ARG),,,,,,0,,,1901-01-01,"Denali Stud, Agent V ",,,,Out,,,,0.0,,,,,T,2021,0.0,,Sand Puce (ARG),Constitution,
2024,M,24KEENOVHRA,1,1,2024-11-14,4084,4084,Calling Card,Calling Card,,,2022-03-31,2,DB/BR,C,,SRP,,,,Complexity,Complexity,Graceful Rage,Graceful Rage,,,,,,0,,,1901-01-01,"Paramount Sales, Agent for Three Diamonds Farm (Partial Racing Dispersal)",,,,Out,,,,0.0,,,,,T,2022,0.0,,Graceful Rage,Complexity,
2024,M,24KEENOVHRA,1,1,2024-11-14,4085,4085,Candy Bar,Candy Bar,,,2020-03-06,4,B,F,,BRP,,,,Constitution,Constitution,Sugar Babe,Sugar Babe,,,,,,0,,,1901-01-01,"Taylor Made Sales Agency, Agent IV ",,,,Out,,,,0.0,,,,,T,2020,0.0,,Sugar Babe,Constitution,
2024,M,24KEENOVHRA,1,1,2024-11-14,4086,4086,Captain Cook,Captain Cook,,,2022-03-01,2,B,C,,SRP,,,,Practical Joke,Practical Joke,Pow Wow Wow,Pow Wow Wow,,,,,,0,,,1901-01-01,"Gainesway, Agent for the Estate of John Hendrickson ",,,,"Steven W. Young, Agent",,,,410000.0,,,,,T,2022,0.0,,Pow Wow Wow,Practical Joke,
2024,M,24KEENOVHRA,1,1,2024-11-14,4087,4087,Catching Heat,Catching Heat,,,2021-02-28,3,DB/BR,F,,BRP,,,,Union Rags,Union Rags,Philly Mignon,Philly Mignon,,,,,,0,,,1901-01-01,"Indian Creek, Agent ",,,,Out,,,,0.0,,,,,T,2021,0.0,,Philly Mignon,Union Rags,
2024,M,24KEENOVHRA,1,1,2024-11-14,4088,4088,Chandigarh,Chandigarh,,,2021-03-11,3,B,G,,RP,,,,Speightstown,Speightstown,Colonial Flag,Colonial Flag,,,,,,0,,,1901-01-01,"ELiTE, Agent ",,,,Out,,,,0.0,,,,,T,2021,0.0,,Colonial Flag,Speightstown,
2024,M,24KEENOVHRA,1,1,2024-11-14,4089,4089,Clare Quilty,Clare Quilty,,,2020-02-13,4,DB/BR,C,,SRP,,,,Into Mischief,Into Mischief,Grandtessa,Grandtessa,,,,,,0,,,1901-01-01,"ELiTE, Agent ",,,,Out,,,,0.0,,,,,T,2020,0.0,,Grandtessa,Into Mischief,
2024,M,24KEENOVHRA,1,1,2024-11-14,4090,4090,Classic Example,Classic Example,,,2022-01-20,2,B    ,C,,SRP,,,,Improbable,Improbable,Libby's Tail,Libby's Tail,,,,,,0,,,1901-01-01,"ELiTE, Agent for WinStar Racing ",,,,Angel Torres,,,,40000.0,,,,,T,2022,0.0,,Libby's Tail,Improbable,
2024,M,24KEENOVHRA,1,1,2024-11-14,4091,4091,Coach Sessa,Coach Sessa,,,2021-01-08,3,DB/BR,F,,BRP,,,,Catholic Boy,Catholic Boy,Hope So,Hope So,,,,,,0,,,1901-01-01,"Mill Ridge Sales, Agent ",,,,Stripes Stable,,,,10000.0,,,,,T,2021,0.0,,Hope So,Catholic Boy,
2024,M,24KEENOVHRA,1,1,2024-11-14,4092,4092,Coif,Coif,,,2021-05-17,3,DB/BR,F,,BRP,,,,Into Mischief,Into Mischief,Hayworth,Hayworth,,,,,,0,,,1901-01-01,"ELiTE, Agent ",,,,Sarms Part Deux,,,,55000.0,,,,,T,2021,0.0,,Hayworth,Into Mischief,
2024,M,24KEENOVHRA,1,1,2024-11-14,4093,4093,Colder Weather,Colder Weather,,,2022-04-15,2,B,F,,BRP,,,,Laoban,Laoban,Paquita Coqueta (CHI),Paquita Coqueta (CHI),,,,,,0,,,1901-01-01,"Hill 'n' Dale at Xalapa, Agent ",,,,Stripes Stable,,,,12000.0,,,,,T,2022,0.0,,Paquita Coqueta (CHI),Laoban,
2024,M,24KEENOVHRA,1,1,2024-11-14,4094,4094,Competitive Threat (IRE),Competitive Threat (IRE),,,2021-04-10,3,GR/RO,F,,BRP,,,,Dark Angel (IRE),Dark Angel (IRE),Shelbysmile,Shelbysmile,,,,,,0,,,1901-01-01,"ELiTE, Agent ",,,,Out,,,,0.0,,,,,T,2021,0.0,,Shelbysmile,Dark Angel (IRE),
2024,M,24KEENOVHRA,1,1,2024-11-14,4095,4095,Concord Bridge,Concord Bridge,,,2021-02-28,3,B,R,,SRP,,,,Medaglia d'Oro,Medaglia d'Oro,Pauline Revere,Pauline Revere,,,,,,0,,,1901-01-01,"Lane's End, Agent ",,,,Out,,,,0.0,,,,,T,2021,0.0,,Pauline Revere,Medaglia d'Oro,
2024,M,24KEENOVHRA,1,1,2024-11-14,4096,4096,Cornell,Cornell,,,2021-05-24,3,GR/RO,C,,SRP,,,,Into Mischief,Into Mischief,Banree,Banree,,,,,,0,,,1901-01-01,"ELiTE, Agent ",,,,Out,,,,0.0,,,,,T,2021,0.0,,Banree,Into Mischief,
2024,M,24KEENOVHRA,1,1,2024-11-14,4097,4097,Cornishman,Cornishman,,,2021-02-25,3,B    ,G,,RP,,,,Curlin,Curlin,Penwith,Penwith,,,,,,0,,,1901-01-01,Godolphin ,,,,Joe Schumer,,,,80000.0,,,,,T,2021,0.0,,Penwith,Curlin,
2024,M,24KEENOVHRA,1,1,2024-11-14,4098,4098,Corporal,Corporal,,,2021-03-05,3,CH,C,,SRP,,,,Gun Runner,Gun Runner,Kathballu,Kathballu,,,,,,0,,,1901-01-01,"Highgate Sales, Agent I ",,,,Out,,,,0.0,,,,,T,2021,0.0,,Kathballu,Gun Runner,
2024,M,24KEENOVHRA,1,1,2024-11-14,4099,4099,Counterinteligence (GB),Counterinteligence (GB),,,2021-05-17,3,B,F,,BRP,,,,Frankel (GB),Frankel (GB),Spectre (FR),Spectre (FR),,,,,,0,,,1901-01-01,"ELiTE, Agent ",,,,Out,,,,0.0,,,,,T,2021,0.0,,Spectre (FR),Frankel (GB),
2024,M,24KEENOVHRA,1,1,2024-11-14,4100,4100,Dance On Air,Dance On Air,,,2021-02-25,3,B,F,,BRP,,,,Good Magic,Good Magic,Valentines Romance,Valentines Romance,,,,,,0,,,1901-01-01,"ELiTE, Agent ",,,,Ken Kachel,,,,37000.0,,,,,T,2021,0.0,,Valentines Romance,Good Magic,
2024,M,24KEENOVHRA,1,1,2024-11-14,4101,4101,Day Drama,Day Drama,,,2021-04-14,3,CH,F,,BRP,,,,Midshipman,Midshipman,Grouse Grind,Grouse Grind,,,,,,0,,,1901-01-01,"Taylor Made Sales Agency, Agent V ",,,,Out,,,,0.0,,,,,T,2021,0.0,,Grouse Grind,Midshipman,
2024,M,24KEENOVHRA,1,1,2024-11-14,4102,4102,Daytona Moonshine,Daytona Moonshine,,,2022-03-30,2,CH,G,,RP,,,,Audible,Audible,Bitterroot,Bitterroot,,,,,,0,,,1901-01-01,"ELiTE, Agent ",,,,Out,,,,0.0,,,,,T,2022,0.0,,Bitterroot,Audible,
2024,M,24KEENOVHRA,1,1,2024-11-14,4103,4103,Dea Matrona (FR),Dea Matrona (FR),,,2021-01-29,3,B,F,,BRP,,,,Dark Angel (IRE),Dark Angel (IRE),Everglades (GB),Everglades (GB),,,,,,0,,,1901-01-01,"Indian Creek, Agent ",,,,"R.N.A. (47,000)",,,,47000.0,,,,,T,2021,0.0,,Everglades (GB),Dark Angel (IRE),
2024,M,24KEENOVHRA,1,1,2024-11-14,4104,4104,Decanted,Decanted,,,2020-03-15,4,CH,G,,RP,,,,Kitten's Joy,Kitten's Joy,Kahrumana,Kahrumana,,,,,,0,,,1901-01-01,"Paramount Sales, Agent for Three Diamonds Farm (Partial Racing Dispersal)",,,,"R.N.A. (57,000)",,,,57000.0,,,,,T,2020,0.0,,Kahrumana,Kitten's Joy,
2024,M,24KEENOVHRA,1,1,2024-11-14,4105,4105,Deer District,Deer District,,,2020-03-08,4,CH   ,C,,SRP,,,,Oscar Performance,Oscar Performance,Eagle Sound,Eagle Sound,,,,,,0,,,1901-01-01,"ELiTE, Agent ",,,,Sok Racing /Michael Kares,,,,75000.0,,,,,T,2020,0.0,,Eagle Sound,Oscar Performance,
2024,M,24KEENOVHRA,1,1,2024-11-14,4106,4106,Derby Street,Derby Street,,,2021-03-17,3,DB/BR,C,,SRP,,,,Street Sense,Street Sense,Glory and Power,Glory and Power,,,,,,0,,,1901-01-01,"Denali Stud, Agent V ",,,,Clancy Bloodstock,,,,67000.0,,,,,T,2021,0.0,,Glory and Power,Street Sense,
2024,M,24KEENOVHRA,1,1,2024-11-14,4107,4107,Derz Smart,Derz Smart,,,2022-02-11,2,CH,C,,SRP,,,,Violence,Violence,Smart Win,Smart Win,,,,,,0,,,1901-01-01,"ELiTE, Agent ",,,,Out,,,,0.0,,,,,T,2022,0.0,,Smart Win,Violence,
2024,M,24KEENOVHRA,1,1,2024-11-14,4108,4108,Destiny Star,Destiny Star,,,2021-03-31,3,B,F,,BRP,,,,Catholic Boy,Catholic Boy,Reiko,Reiko,,,,,,0,,,1901-01-01,"ELiTE, Agent ",,,,Out,,,,0.0,,,,,T,2021,0.0,,Reiko,Catholic Boy,
2024,M,24KEENOVHRA,1,1,2024-11-14,4109,4109,Digital Ops,Digital Ops,,,2021-02-04,3,B    ,C,,SRP,,,,Nyquist,Nyquist,Flora Dora,Flora Dora,,,,,,0,,,1901-01-01,"Indian Creek, Agent ",,,,Summerville Kyle,,,,400000.0,,,,,T,2021,0.0,,Flora Dora,Nyquist,
2024,M,24KEENOVHRA,1,1,2024-11-14,4110,4110,Dirand (IRE),Dirand (IRE),,,2022-04-09,2,B,C,,SRP,,,,Sottsass (FR),Sottsass (FR),Unaided (GB),Unaided (GB),,,,,,0,,,1901-01-01,"ELiTE, Agent ",,,,Out,,,,0.0,,,,,T,2022,0.0,,Unaided (GB),Sottsass (FR),
2024,M,24KEENOVHRA,1,1,2024-11-14,4111,4111,D'oro Lemon,D'oro Lemon,,,2020-03-02,4,DB/BR,C,,SRP,,,,Medaglia d'Oro,Medaglia d'Oro,Lemons Forever,Lemons Forever,,,,,,0,,,1901-01-01,"Hunter Valley Farm, Agent ",,,,Leland Hayes,,,,10000.0,,,,,T,2020,0.0,,Lemons Forever,Medaglia d'Oro,
2024,M,24KEENOVHRA,1,1,2024-11-14,4112,4112,Dothraki,Dothraki,,,2021-03-30,3,B,C,,SRP,,,,Into Mischief,Into Mischief,Vanquished,Vanquished,,,,,,0,,,1901-01-01,"ELiTE, Agent ",,,,Out,,,,0.0,,,,,T,2021,0.0,,Vanquished,Into Mischief,
2024,M,24KEENOVHRA,1,1,2024-11-14,4113,4113,Dreamgirl,Dreamgirl,,,2022-02-14,2,DB/BR,F,,BRP,,,,Mo Town,Mo Town,Box Office Smash,Box Office Smash,,,,,,0,,,1901-01-01,"Paramount Sales, Agent for Three Diamonds Farm (Partial Racing Dispersal)",,,,"R.N.A. (55,000)",,,,55000.0,,,,,T,2022,0.0,,Box Office Smash,Mo Town,
2024,M,24KEENOVHRA,1,1,2024-11-14,4114,4114,Dude N Colorado (GB),Dude N Colorado (GB),,,2020-03-07,4,B,C,,SRP,,,,Uncle Mo,Uncle Mo,Limonar (IRE),Limonar (IRE),,,,,,0,,,1901-01-01,"Paramount Sales, Agent for Three Diamonds Farm (Partial Racing Dispersal)",,,,"R.N.A. (85,000)",,,,85000.0,,,,,T,2020,0.0,,Limonar (IRE),Uncle Mo,
2024,M,24KEENOVHRA,1,1,2024-11-14,4115,4115,Duration,Duration,,,2021-04-23,3,B,G,,RP,,,,Mitole,Mitole,Smile More,Smile More,,,,,,0,,,1901-01-01,"ELiTE, Agent ",,,,Out,,,,0.0,,,,,T,2021,0.0,,Smile More,Mitole,
2024,M,24KEENOVHRA,1,1,2024-11-14,4116,4116,Dwtn Maddie Brown (GB),Dwtn Maddie Brown (GB),,,2021-02-06,3,B,F,,BRP,,,,Soldier Hollow (GB),Soldier Hollow (GB),Lucky Jolie,Lucky Jolie,,,,,,0,,,1901-01-01,"ELiTE, Agent ",,,,Stripes Stable,,,,22000.0,,,,,T,2021,0.0,,Lucky Jolie,Soldier Hollow (GB),
2024,M,24KEENOVHRA,1,1,2024-11-14,4117,4117,E B Zoom Baby,E B Zoom Baby,,,2021-05-26,3,GR/RO,F,,BRP,,,,Not This Time,Not This Time,Bruna,Bruna,,,,,,0,,,1901-01-01,"Taylor Made Sales Agency, Agent XII ",,,,Out,,,,0.0,,,,,T,2021,0.0,,Bruna,Not This Time,
2024,M,24KEENOVHRA,1,1,2024-11-14,4118,4118,Etna's Napper,Etna's Napper,,,2020-04-02,4,B,F,,BRP,,,,Uncle Mo,Uncle Mo,Etna's Anger,Etna's Anger,,,,,,0,,,1901-01-01,"Green Hills at Elmendorf, Agent ",,,,Stripes Stable,,,,20000.0,,,,,T,2020,0.0,,Etna's Anger,Uncle Mo,
2024,M,24KEENOVHRA,1,1,2024-11-14,4119,4119,Everybreathyoutake,Everybreathyoutake,,,2022-04-04,2,B,F,,BRP,,,,Quality Road,Quality Road,Henny's Hurricane,Henny's Hurricane,,,,,,0,,,1901-01-01,"Grovendale Sales, Agent I ",,,,Dr. Fawzi Bouresli,,,,30000.0,,,,,T,2022,0.0,,Henny's Hurricane,Quality Road,
2024,M,24KEENOVHRA,1,1,2024-11-14,4120,4120,Factor Analysis,Factor Analysis,,,2021-04-15,3,CH,C,,SRP,,,,Vino Rosso,Vino Rosso,Two Step Song,Two Step Song,,,,,,0,,,1901-01-01,"ELiTE, Agent ",,,,Out,,,,0.0,,,,,T,2021,0.0,,Two Step Song,Vino Rosso,
2024,M,24KEENOVHRA,1,1,2024-11-14,4121,4121,Fashion Victim,Fashion Victim,,,2021-04-05,3,B,F,,BRP,,,,Tapit,Tapit,Laskarina,Laskarina,,,,,,0,,,1901-01-01,"ELiTE, Agent ",,,,"Sycamore Hall Thoroughbreds/ David Wade, Agent",,,,295000.0,,,,,T,2021,0.0,,Laskarina,Tapit,
2024,M,24KEENOVHRA,1,1,2024-11-14,4122,4122,Fazools,Fazools,,,2021-01-30,3,CH,F,,BRP,,,,Curlin,Curlin,Hot Cash,Hot Cash,,,,,,0,,,1901-01-01,"ELiTE, Agent ",,,,Miller & Bushman,,,,80000.0,,,,,T,2021,0.0,,Hot Cash,Curlin,
2024,M,24KEENOVHRA,1,1,2024-11-14,4123,4123,Federal Judge,Federal Judge,,,2020-03-13,4,B,G,,RP,,,,Army Mule,Army Mule,Congarette,Congarette,,,,,,0,,,1901-01-01,"ELiTE, Agent for WinStar Racing ",,,,Out,,,,0.0,,,,,T,2020,0.0,,Congarette,Army Mule,
2024,M,24KEENOVHRA,1,1,2024-11-14,4124,4124,Firefight,Firefight,,,2021-04-03,3,B    ,G,,RP,,,,War Front,War Front,Cache,Cache,,,,,,0,,,1901-01-01,"Hunter Valley Farm, Agent ",,,,Joe Schumer,,,,70000.0,,,,,T,2021,0.0,,Cache,War Front,
2024,M,24KEENOVHRA,1,1,2024-11-14,4125,4125,First World War,First World War,,,2021-04-02,3,DB/BR,C,,SP,,,,War Front,War Front,Sundaysatthebeach,Sundaysatthebeach,,,,,,0,,,1901-01-01,"Hunter Valley Farm, Agent ",,,,Out,,,,0.0,,,,,T,2021,0.0,,Sundaysatthebeach,War Front,
2024,M,24KEENOVHRA,1,1,2024-11-14,4126,4126,Flight to Quality (FR),Flight to Quality (FR),,,2021-02-05,3,DB/BR,F,,BRP,,,,Cracksman (GB),Cracksman (GB),Energie Green (IRE),Energie Green (IRE),,,,,,0,,,1901-01-01,"ELiTE, Agent ",,,,Out,,,,0.0,,,,,T,2021,0.0,,Energie Green (IRE),Cracksman (GB),
2024,M,24KEENOVHRA,1,1,2024-11-14,4127,4127,Francesco Clemente (IRE),Francesco Clemente (IRE),,,2019-03-27,5,B,H,,SRP,,,,Dubawi (IRE),Dubawi (IRE),Justlookdontouch (IRE),Justlookdontouch (IRE),,,,,,0,,,1901-01-01,"ELiTE, Agent ",,,,Out,,,,0.0,,,,,T,2019,0.0,,Justlookdontouch (IRE),Dubawi (IRE),
2024,M,24KEENOVHRA,1,1,2024-11-14,4128,4128,Frontline Warrior,Frontline Warrior,,,2021-02-04,3,B,C,,SRP,,,,War Front,War Front,Shamrock Rose,Shamrock Rose,,,,,,0,,,1901-01-01,"Lane's End, Agent ",,,,"Phillip Hajal, Agent ",,,,42000.0,,,,,T,2021,0.0,,Shamrock Rose,War Front,
2024,M,24KEENOVHRA,1,1,2024-11-14,4129,4129,Frost Mountain,Frost Mountain,,,2020-04-18,4,B    ,G,,RP,,,,Frosted,Frosted,Tizaqueena,Tizaqueena,,,,,,0,,,1901-01-01,Godolphin ,,,,"DARRs Inc/James Bredin, Agent",,,,95000.0,,,,,T,2020,0.0,,Tizaqueena,Frosted,
2024,M,24KEENOVHRA,1,1,2024-11-14,4130,4130,Gallic Charm,Gallic Charm,,,2021-05-01,3,B,C,,SRP,,,,Demarchelier (GB),Demarchelier (GB),Dolly Madison (IRE),Dolly Madison (IRE),,,,,,0,,,1901-01-01,"ELiTE, Agent ",,,,Tito Moreno,,,,11000.0,,,,,T,2021,0.0,,Dolly Madison (IRE),Demarchelier (GB),
2024,M,24KEENOVHRA,1,1,2024-11-14,4131,4131,Girdwood,Girdwood,,,2022-03-19,2,B    ,C,,SRP,,,,McKinzie,McKinzie,Quick Town,Quick Town,,,,,,0,,,1901-01-01,"Gainesway, Agent for the Estate of John Hendrickson ",,,,"Steven W. Young, Agent",,,,200000.0,,,,,T,2022,0.0,,Quick Town,McKinzie,
2024,M,24KEENOVHRA,1,1,2024-11-14,4132,4132,Girls Weekend,Girls Weekend,,,2021-03-30,3,DB/BR,F,,BRP,,,,World of Trouble,World of Trouble,Island Love Song,Island Love Song,,,,,,0,,,1901-01-01,"Paramount Sales, Agent III ",,,,Ribble Farms/Kevin Drew/Jeffrey A. Neill,,,,160000.0,,,,,T,2021,0.0,,Island Love Song,World of Trouble,
2024,M,24KEENOVHRA,1,1,2024-11-14,4133,4133,Go On Mo,Go On Mo,,,2020-02-20,4,B,C,,SRP,,,,Uncle Mo,Uncle Mo,Brusquer,Brusquer,,,,,,0,,,1901-01-01,"ELiTE, Agent ",,,,Thomas Clark for Rancho Santa Rosa,,,,55000.0,,,,,T,2020,0.0,,Brusquer,Uncle Mo,
2024,M,24KEENOVHRA,1,1,2024-11-14,4134,4134,Gotanothathingcomn,Gotanothathingcomn,,,2022-05-02,2,DB/BR,F,,BRP,,,,Twirling Candy,Twirling Candy,Walloon,Walloon,,,,,,0,,,1901-01-01,"ELiTE, Agent ",,,,Out,,,,0.0,,,,,T,2022,0.0,,Walloon,Twirling Candy,
2024,M,24KEENOVHRA,1,1,2024-11-14,4135,4135,Gourmet,Gourmet,,,2021-01-31,3,DB/BR,F,,BRP,,,,Constitution,Constitution,Amazing Belle,Amazing Belle,,,,,,0,,,1901-01-01,"Taylor Made Sales Agency, Agent XV ",,,,Out,,,,0.0,,,,,T,2021,0.0,,Amazing Belle,Constitution,
2024,M,24KEENOVHRA,1,1,2024-11-14,4136,4136,Growth Rate,Growth Rate,,,2021-01-24,3,B,F,,BRP,,,,Into Mischief,Into Mischief,Peace Corps,Peace Corps,,,,,,0,,,1901-01-01,"ELiTE, Agent ",,,,"Highfield Investment Group, Inc",,,,27000.0,,,,,T,2021,0.0,,Peace Corps,Into Mischief,
2024,M,24KEENOVHRA,1,1,2024-11-14,4137,4137,Harlocap,Harlocap,,,2020-04-20,4,DB/BR,C,,SRP,,,,Justify,Justify,Mezinka,Mezinka,,,,,,0,,,1901-01-01,"Hill 'n' Dale at Xalapa, Agent ",,,,Out,,,,0.0,,,,,T,2020,0.0,,Mezinka,Justify,
2024,M,24KEENOVHRA,1,1,2024-11-14,4138,4138,Hay Stack,Hay Stack,,,2020-01-20,4,DB/BR,F,,BRP,,,,War Front,War Front,Azaelia (FR),Azaelia (FR),,,,,,0,,,1901-01-01,"Paramount Sales, Agent III ",,,,Out,,,,0.0,,,,,T,2020,0.0,,Azaelia (FR),War Front,
2024,M,24KEENOVHRA,1,1,2024-11-14,4139,4139,Hidden Vase,Hidden Vase,,,2021-03-26,3,DB/BR,F,,BRP,,,,Bucchero,Bucchero,Elusively,Elusively,,,,,,0,,,1901-01-01,"Hill 'n' Dale at Xalapa, Agent ",,,,Kelly's Racing ,,,,17000.0,,,,,T,2021,0.0,,Elusively,Bucchero,
2024,M,24KEENOVHRA,1,1,2024-11-14,4140,4140,Hihellohowareyou,Hihellohowareyou,,,2020-05-25,4,DB/BR,F,,BRP,,,,Awesome Slew,Awesome Slew,Additional Prayer,Additional Prayer,,,,,,0,,,1901-01-01,"Taylor Made Sales Agency, Agent XIV ",,,,Out,,,,0.0,,,,,T,2020,0.0,,Additional Prayer,Awesome Slew,
2024,M,24KEENOVHRA,1,1,2024-11-14,4141,4141,Hobbs,Hobbs,,,2021-04-03,3,DB/BR,G,,RP,,,,Astern (AUS),Astern (AUS),Gypsy Lass,Gypsy Lass,,,,,,0,,,1901-01-01,Keith Dickey ,,,,Warchol T'Breds LLC & Burke Ranch Stales LLC,,,,42000.0,,,,,T,2021,0.0,,Gypsy Lass,Astern (AUS),
2024,M,24KEENOVHRA,1,1,2024-11-14,4142,4142,Holy Foley,Holy Foley,,,2020-02-06,4,CH,F,,BRP,,,,Point of Entry,Point of Entry,Belissimo,Belissimo,,,,,,0,,,1901-01-01,"Paramount Sales, Agent VI ",,,,Out,,,,0.0,,,,,T,2020,0.0,,Belissimo,Point of Entry,
2024,M,24KEENOVHRA,1,1,2024-11-14,4143,4143,Honky Tonk Highway,Honky Tonk Highway,,,2021-01-27,3,B,G,,RP,,,,City of Light,City of Light,Shared Humor,Shared Humor,,,,,,0,,,1901-01-01,"Hunter Valley Farm, Agent ",,,,Out,,,,0.0,,,,,T,2021,0.0,,Shared Humor,City of Light,
2024,M,24KEENOVHRA,1,1,2024-11-14,4144,4144,Hopkins,Hopkins,,,2018-03-25,6,B,H,,SP,,,,Quality Road,Quality Road,Hot Spell,Hot Spell,,,,,,0,,,1901-01-01,"ELiTE, Agent ",,,,Out,,,,0.0,,,,,T,2018,0.0,,Hot Spell,Quality Road,
2024,M,24KEENOVHRA,1,1,2024-11-14,4145,4145,Hunt Ball,Hunt Ball,,,2021-02-26,3,B    ,G,,RP,,,,Into Mischief,Into Mischief,Dance Card,Dance Card,,,,,,0,,,1901-01-01,Godolphin ,,,,Narvick /NAJD Stud,,,,80000.0,,,,,T,2021,0.0,,Dance Card,Into Mischief,
2024,M,24KEENOVHRA,1,1,2024-11-14,4146,4146,Hurricane Express (FR),Hurricane Express (FR),,,2021-02-19,3,CH   ,G,,RP,,,,More Than Ready,More Than Ready,Homerique,Homerique,,,,,,0,,,1901-01-01,"ELiTE, Agent ",,,,Anthony Marchese/ Dan Preiss Agent,,,,35000.0,,,,,T,2021,0.0,,Homerique,More Than Ready,
2024,M,24KEENOVHRA,1,1,2024-11-14,4147,4147,Index Fund,Index Fund,,,2020-05-15,4,CH   ,G,,RP,,,,Good Magic,Good Magic,Fantasy Forest,Fantasy Forest,,,,,,0,,,1901-01-01,"ELiTE, Agent ",,,,Narvick /NAJD Stud,,,,250000.0,,,,,T,2020,0.0,,Fantasy Forest,Good Magic,
2024,M,24KEENOVHRA,1,1,2024-11-14,4148,4148,Infinite Diamond,Infinite Diamond,,,2020-02-22,4,CH,F,,BRP,,,,Bee Jersey,Bee Jersey,Ready for Gold,Ready for Gold,,,,,,0,,,1901-01-01,"ELiTE, Agent ",,,,Out,,,,0.0,,,,,T,2020,0.0,,Ready for Gold,Bee Jersey,
2024,M,24KEENOVHRA,1,1,2024-11-14,4149,4149,Island Dream Girl,Island Dream Girl,,,2022-03-04,2,B,F,,BRP,,,,Echo Town,Echo Town,Cantaloupe Island,Cantaloupe Island,,,,,,0,,,1901-01-01,"ELiTE, Agent ",,,,Out,,,,0.0,,,,,T,2022,0.0,,Cantaloupe Island,Echo Town,
2024,M,24KEENOVHRA,1,1,2024-11-14,4150,4150,Its Satisfactual,Its Satisfactual,,,2021-03-02,3,B,F,,BRP,,,,Hard Spun,Hard Spun,Yes Its Factual,Yes Its Factual,,,,,,0,,,1901-01-01,"Denali Stud, Agent IV ",,,,Cassandra L. Horner,,,,42000.0,,,,,T,2021,0.0,,Yes Its Factual,Hard Spun,
2024,M,24KEENOVHRA,1,1,2024-11-14,4151,4151,Jhirsch,Jhirsch,,,2021-05-30,3,B,G,,RP,,,,Not This Time,Not This Time,Sabouli,Sabouli,,,,,,0,,,1901-01-01,"Taylor Made Sales Agency, Agent XI ",,,,Out,,,,0.0,,,,,T,2021,0.0,,Sabouli,Not This Time,
2024,M,24KEENOVHRA,1,1,2024-11-14,4152,4152,Juan Valdez,Juan Valdez,,,2020-05-11,4,DB/BR,C,,SRP,,,,Medaglia d'Oro,Medaglia d'Oro,Baffled,Baffled,,,,,,0,,,1901-01-01,"Lane's End, Agent ",,,,Stripes Stable,,,,18000.0,,,,,T,2020,0.0,,Baffled,Medaglia d'Oro,
2024,M,24KEENOVHRA,1,1,2024-11-14,4153,4153,Just Before Dawn,Just Before Dawn,,,2021-02-15,3,CH,C,,SRP,,,,Justify,Justify,Unenchantedevening,Unenchantedevening,,,,,,0,,,1901-01-01,"Hunter Valley Farm, Agent ",,,,Out,,,,0.0,,,,,T,2021,0.0,,Unenchantedevening,Justify,
2024,M,24KEENOVHRA,1,1,2024-11-14,4154,4154,Kalik,Kalik,,,2020-04-15,4,CH,G,,RP,,,,Collected,Collected,Coronation Street,Coronation Street,,,,,,0,,,1901-01-01,"Mill Ridge Sales, Agent ",,,,Hop Sing Racing LLC,,,,60000.0,,,,,T,2020,0.0,,Coronation Street,Collected,
2024,M,24KEENOVHRA,1,1,2024-11-14,4155,4155,Kubrick (IRE),Kubrick (IRE),,,2020-04-24,4,B    ,C,,SRP,,,,Dubawi (IRE),Dubawi (IRE),Rosa Bonheur,Rosa Bonheur,,,,,,0,,,1901-01-01,"ELiTE, Agent ",,,,Chad Schumer/ KGS,,,,180000.0,,,,,T,2020,0.0,,Rosa Bonheur,Dubawi (IRE),
2024,M,24KEENOVHRA,1,1,2024-11-14,4156,4156,Lake Cumberland,Lake Cumberland,,,2022-02-06,2,B,C,,SRP,,,,Bernardini,Bernardini,Waterside,Waterside,,,,,,0,,,1901-01-01,Godolphin ,,,,Narvick /NAJD Stud,,,,85000.0,,,,,T,2022,0.0,,Waterside,Bernardini,
2024,M,24KEENOVHRA,1,1,2024-11-14,4157,4157,Landing Craft,Landing Craft,,,2022-03-27,2,B    ,C,,SRP,,,,Omaha Beach,Omaha Beach,Bridgette Bordeaux,Bridgette Bordeaux,,,,,,0,,,1901-01-01,"Grovendale Sales, Agent IV ",,,,Southern Springs Stables,,,,35000.0,,,,,T,2022,0.0,,Bridgette Bordeaux,Omaha Beach,
2024,M,24KEENOVHRA,1,1,2024-11-14,4158,4158,Latham Ridge,Latham Ridge,,,2022-04-28,2,DB/BR,F,,BRP,,,,Authentic,Authentic,Mi Vida,Mi Vida,,,,,,0,,,1901-01-01,"ELiTE, Agent ",,,,Abstract Racing,,,,150000.0,,,,,T,2022,0.0,,Mi Vida,Authentic,
2024,M,24KEENOVHRA,1,1,2024-11-14,4159,4159,Latte Lizzie,Latte Lizzie,,,2021-03-20,3,CH,F,,BRP,,,,Catalina Cruiser,Catalina Cruiser,Egyptian Magic,Egyptian Magic,,,,,,0,,,1901-01-01,"Mill Ridge Sales, Agent ",,,,Madaket Stables,,,,45000.0,,,,,T,2021,0.0,,Egyptian Magic,Catalina Cruiser,
2024,M,24KEENOVHRA,1,1,2024-11-14,4160,4160,Let My People Go,Let My People Go,,,2019-04-25,5,B,G,,RP,,,,Pioneerof the Nile,Pioneerof the Nile,Taboo,Taboo,,,,,,0,,,1901-01-01,"Royal Oak Farm (Damian & Braxton Lynch), Agent for BBN Racing",,,,Out,,,,0.0,,,,,T,2019,0.0,,Taboo,Pioneerof the Nile,
2024,M,24KEENOVHRA,1,1,2024-11-14,4161,4161,Liuzza,Liuzza,,,2021-02-09,3,B,F,,BRP,,,,Maximus Mischief,Maximus Mischief,Elusive Candy,Elusive Candy,,,,,,0,,,1901-01-01,"Taylor Made Sales Agency, Agent IV ",,,,Out,,,,0.0,,,,,T,2021,0.0,,Elusive Candy,Maximus Mischief,
2024,M,24KEENOVHRA,1,1,2024-11-14,4162,4162,Lone Cyprus,Lone Cyprus,,,2021-04-18,3,B,C,,SRP,,,,Curlin,Curlin,Light the City,Light the City,,,,,,0,,,1901-01-01,"ELiTE, Agent ",,,,Out,,,,0.0,,,,,T,2021,0.0,,Light the City,Curlin,
2024,M,24KEENOVHRA,1,1,2024-11-14,4163,4163,Lord Baranof,Lord Baranof,,,2022-03-24,2,B,C,,SRP,,,,Goldencents,Goldencents,Tiz a Legacy,Tiz a Legacy,,,,,,0,,,1901-01-01,"Gainesway, Agent for the Estate of John Hendrickson ",,,,Out,,,,0.0,,,,,T,2022,0.0,,Tiz a Legacy,Goldencents,
2024,M,24KEENOVHRA,1,1,2024-11-14,4164,4164,Loterie (IRE),Loterie (IRE),,,2021-01-15,3,DB/BR,F,,BRP,,,,Ten Sovereigns (IRE),Ten Sovereigns (IRE),All To Do With It (IRE),All To Do With It (IRE),,,,,,0,,,1901-01-01,"Taylor Made Sales Agency, Agent X ",,,,Jeff Ganje,,,,90000.0,,,,,T,2021,0.0,,All To Do With It (IRE),Ten Sovereigns (IRE),
2024,M,24KEENOVHRA,1,1,2024-11-14,4165,4165,Louisianimal,Louisianimal,,,2020-04-30,4,B    ,G,,RP,,,,Summer Front,Summer Front,She's Not Lazy,She's Not Lazy,,,,,,0,,,1901-01-01,"Green Hills at Elmendorf, Agent ",,,,"R.N.A. (7,000)",,,,7000.0,,,,,T,2020,0.0,,She's Not Lazy,Summer Front,
2024,M,24KEENOVHRA,1,1,2024-11-14,4166,4166,Love Pack,Love Pack,,,2022-03-01,2,DB/BR,C,,SRP,,,,Classic Empire,Classic Empire,Bold Quality,Bold Quality,,,,,,0,,,1901-01-01,"ELiTE, Agent ",,,,Out,,,,0.0,,,,,T,2022,0.0,,Bold Quality,Classic Empire,
2024,M,24KEENOVHRA,1,1,2024-11-14,4167,4167,Magnify,Magnify,,,2021-05-08,3,CH,C,,SRP,,,,Justify,Justify,Stellar Wind,Stellar Wind,,,,,,0,,,1901-01-01,"Hunter Valley Farm, Agent ",,,,Out,,,,0.0,,,,,T,2021,0.0,,Stellar Wind,Justify,
2024,M,24KEENOVHRA,1,1,2024-11-14,4168,4168,Mambo Queen,Mambo Queen,,,2022-04-29,2,B,F,,BRP,,,,Mendelssohn,Mendelssohn,Painter's Muse (GB),Painter's Muse (GB),,,,,,0,,,1901-01-01,"ELiTE, Agent ",,,,R. Larry Johnson,,,,55000.0,,,,,T,2022,0.0,,Painter's Muse (GB),Mendelssohn,
2024,M,24KEENOVHRA,1,1,2024-11-14,4169,4169,Managing Mischief,Managing Mischief,,,2021-02-25,3,B,F,,BRP,,,,Maximus Mischief,Maximus Mischief,Enchanting Essence,Enchanting Essence,,,,,,0,,,1901-01-01,"Taylor Made Sales Agency, Agent VII ",,,,Crown's Way Racing,,,,55000.0,,,,,T,2021,0.0,,Enchanting Essence,Maximus Mischief,
2024,M,24KEENOVHRA,1,1,2024-11-14,4170,4170,March of Time,March of Time,,,2021-02-17,3,B,C,,SRP,,,,Justify,Justify,Untouched Talent,Untouched Talent,,,,,,0,,,1901-01-01,"Highgate Sales, Agent II ",,,,Out,,,,0.0,,,,,T,2021,0.0,,Untouched Talent,Justify,
2024,M,24KEENOVHRA,1,1,2024-11-14,4171,4171,Marginal Cost,Marginal Cost,,,2021-03-08,3,CH,G,,RP,,,,Justify,Justify,French Passport,French Passport,,,,,,0,,,1901-01-01,"ELiTE, Agent ",,,,Out,,,,0.0,,,,,T,2021,0.0,,French Passport,Justify,
2024,M,24KEENOVHRA,1,1,2024-11-14,4172,4172,Martingale,Martingale,,,2021-02-28,3,B,F,,BRP,,,,Curlin,Curlin,Si Si Tequila,Si Si Tequila,,,,,,0,,,1901-01-01,"ELiTE, Agent ",,,,Flatland Racing,,,,67000.0,,,,,T,2021,0.0,,Si Si Tequila,Curlin,
2024,M,24KEENOVHRA,1,1,2024-11-14,4173,4173,Middleburg,Middleburg,,,2021-03-29,3,GR/RO,C,,SRP,,,,Tapit,Tapit,Selcourt,Selcourt,,,,,,0,,,1901-01-01,"ELiTE, Agent ",,,,Out,,,,0.0,,,,,T,2021,0.0,,Selcourt,Tapit,
2024,M,24KEENOVHRA,1,1,2024-11-14,4174,4174,Midnight Muse,Midnight Muse,,,2022-03-22,2,DB/BR,F,,BRP,,,,Laoban,Laoban,Scampering,Scampering,,,,,,0,,,1901-01-01,"Hill 'n' Dale at Xalapa, Agent ",,,,Out,,,,0.0,,,,,T,2022,0.0,,Scampering,Laoban,
2024,M,24KEENOVHRA,1,1,2024-11-14,4175,4175,Midnight Vengeance,Midnight Vengeance,,,2022-02-09,2,DB/BR,C,,SRP,,,,Violence,Violence,Shoot for the Moon,Shoot for the Moon,,,,,,0,,,1901-01-01,"ELiTE, Agent ",,,,Out,,,,0.0,,,,,T,2022,0.0,,Shoot for the Moon,Violence,
2024,M,24KEENOVHRA,1,1,2024-11-14,4176,4176,Military Road,Military Road,,,2021-01-24,3,B,G,,RP,,,,Quality Road,Quality Road,Private Ensign,Private Ensign,,,,,,0,,,1901-01-01,"ELiTE, Agent ",,,,Out,,,,0.0,,,,,T,2021,0.0,,Private Ensign,Quality Road,
2024,M,24KEENOVHRA,1,1,2024-11-14,4177,4177,Mine the Gold,Mine the Gold,,,2021-06-06,3,B,C,,SRP,,,,Upstart,Upstart,Oh So Nice,Oh So Nice,,,,,,0,,,1901-01-01,"ELiTE, Agent ",,,,Out,,,,0.0,,,,,T,2021,0.0,,Oh So Nice,Upstart,
2024,M,24KEENOVHRA,1,1,2024-11-14,4178,4178,Mirahmadi,Mirahmadi,,,2021-02-07,3,B,C,,SRP,,,,Into Mischief,Into Mischief,More Chocolate,More Chocolate,,,,,,0,,,1901-01-01,"ELiTE, Agent ",,,,Out,,,,0.0,,,,,T,2021,0.0,,More Chocolate,Into Mischief,
2024,M,24KEENOVHRA,1,1,2024-11-14,4179,4179,Missed the Cut,Missed the Cut,,,2019-02-20,5,B,H,,SRP,,,,Quality Road,Quality Road,Beauly (GB),Beauly (GB),,,,,,0,,,1901-01-01,"Lane's End, Agent ",,,,Out,,,,0.0,,,,,T,2019,0.0,,Beauly (GB),Quality Road,
2024,M,24KEENOVHRA,1,1,2024-11-14,4180,4180,Modern Master,Modern Master,,,2022-03-03,2,GR/RO,C,,SRP,,,,Curlin,Curlin,White Light,White Light,,,,,,0,,,1901-01-01,"ELiTE, Agent ",,,,Out,,,,0.0,,,,,T,2022,0.0,,White Light,Curlin,
2024,M,24KEENOVHRA,1,1,2024-11-14,4181,4181,Moody Girl,Moody Girl,,,2022-02-05,2,B,F,,BRP,,,,Laoban,Laoban,Swimsuit Issue,Swimsuit Issue,,,,,,0,,,1901-01-01,"Hill 'n' Dale at Xalapa, Agent ",,,,Out,,,,0.0,,,,,T,2022,0.0,,Swimsuit Issue,Laoban,
2024,M,24KEENOVHRA,1,1,2024-11-14,4182,4182,Moore's Law,Moore's Law,,,2020-02-25,4,CH   ,G,,RP,,,,Good Magic,Good Magic,Bella's Way,Bella's Way,,,,,,0,,,1901-01-01,"ELiTE, Agent ",,,,Narvick /NAJD Stud,,,,115000.0,,,,,T,2020,0.0,,Bella's Way,Good Magic,
2024,M,24KEENOVHRA,1,1,2024-11-14,4183,4183,Morello,Morello,,,2019-02-20,5,CH   ,H,,SRP,,,,Classic Empire,Classic Empire,Stop the Wedding,Stop the Wedding,,,,,,0,,,1901-01-01,"Taylor Made Sales Agency, Agent VIII ",,,,"R.N.A. (45,000)",,,,45000.0,,,,,T,2019,0.0,,Stop the Wedding,Classic Empire,
2024,M,24KEENOVHRA,1,1,2024-11-14,4184,4184,Mr. Keating,Mr. Keating,,,2020-04-20,4,CH   ,G,,RP,,,,Carpe Diem,Carpe Diem,Tweeterdini,Tweeterdini,,,,,,0,,,1901-01-01,"Gainesway, Agent for the Estate of John Hendrickson ",,,,Stripes Stable,,,,27000.0,,,,,T,2020,0.0,,Tweeterdini,Carpe Diem,
2024,M,24KEENOVHRA,1,1,2024-11-14,4185,4185,Neural Network,Neural Network,,,2020-04-27,4,DB/BR,G,,RP,,,,Cloud Computing,Cloud Computing,Lapinski,Lapinski,,,,,,0,,,1901-01-01,"ELiTE, Agent ",,,,Sok Racing /Michael Kares,,,,65000.0,,,,,T,2020,0.0,,Lapinski,Cloud Computing,
2024,M,24KEENOVHRA,1,1,2024-11-14,4186,4186,New King,New King,,,2021-04-11,3,B,C,,SRP,,,,Into Mischief,Into Mischief,Hollywood Royal,Hollywood Royal,,,,,,0,,,1901-01-01,"ELiTE, Agent ",,,,Out,,,,0.0,,,,,T,2021,0.0,,Hollywood Royal,Into Mischief,
2024,M,24KEENOVHRA,1,1,2024-11-14,4187,4187,Nikitis,Nikitis,,,2021-02-05,3,GR/RO,F,,BRP,,,,Audible,Audible,The Girl Factor,The Girl Factor,,,,,,0,,,1901-01-01,"ELiTE, Agent ",,,,Stripes Stable,,,,32000.0,,,,,T,2021,0.0,,The Girl Factor,Audible,
2024,M,24KEENOVHRA,1,1,2024-11-14,4188,4188,Nonna Lynne,Nonna Lynne,,,2022-04-12,2,B,F,,BRP,,,,Slumber (GB),Slumber (GB),Play a Song for Me,Play a Song for Me,,,,,,0,,,1901-01-01,"Mill Ridge Sales, Agent ",,,,Out,,,,0.0,,,,,T,2022,0.0,,Play a Song for Me,Slumber (GB),
2024,M,24KEENOVHRA,1,1,2024-11-14,4189,4189,Norwich,Norwich,,,2021-03-08,3,CH   ,G,,RP,,,,Munnings,Munnings,Above the Crowd,Above the Crowd,,,,,,0,,,1901-01-01,"Lane's End, Agent ",,,,Alex Nichols Agency,,,,25000.0,,,,,T,2021,0.0,,Above the Crowd,Munnings,
2024,M,24KEENOVHRA,1,1,2024-11-14,4190,4190,Notinamillionyears (IRE),Notinamillionyears (IRE),,,2020-05-07,4,B,F,,BRP,,,,No Nay Never,No Nay Never,Dancing Shoes (IRE),Dancing Shoes (IRE),,,,,,0,,,1901-01-01,"ELiTE, Agent ",,,,Out,,,,0.0,,,,,T,2020,0.0,,Dancing Shoes (IRE),No Nay Never,
2024,M,24KEENOVHRA,1,1,2024-11-14,4191,4191,Not So Close,Not So Close,,,2019-02-03,5,DB/BR,M,,BRP,,,,Empire Maker,Empire Maker,Bird Legacy,Bird Legacy,,,,,,0,,,1901-01-01,"Gainesway, Agent for the Estate of John Hendrickson ",,,,"West Bloodstock, Agent for Repole Stable",,,,180000.0,,,,,T,2019,0.0,,Bird Legacy,Empire Maker,
2024,M,24KEENOVHRA,1,1,2024-11-14,4192,4192,Nuclear,Nuclear,,,2020-03-06,4,B,C,,SRP,,,,Justify,Justify,True Feelings,True Feelings,,,,,,0,,,1901-01-01,"Lane's End, Agent ",,,,Ramzi Alghul,,,,40000.0,,,,,T,2020,0.0,,True Feelings,Justify,
2024,M,24KEENOVHRA,1,1,2024-11-14,4193,4193,Onda Brava,Onda Brava,,,2021-03-04,3,B,F,,BRP,,,,Uncle Mo,Uncle Mo,Sushi Empire,Sushi Empire,,,,,,0,,,1901-01-01,"Hidden Brook, Agent for Bonne Chance Farm, LLC ",,,,Out,,,,0.0,,,,,T,2021,0.0,,Sushi Empire,Uncle Mo,
2024,M,24KEENOVHRA,1,1,2024-11-14,4194,4194,On the Move,On the Move,,,2022-01-14,2,B,F,,BRP,,,,Bernardini,Bernardini,Wedding Band,Wedding Band,,,,,,0,,,1901-01-01,"Paramount Sales, Agent IV ",,,,Out,,,,0.0,,,,,T,2022,0.0,,Wedding Band,Bernardini,
2024,M,24KEENOVHRA,1,1,2024-11-14,4195,4195,Out of Favor (IRE),Out of Favor (IRE),,,2021-03-30,3,B,G,,RP,,,,Invincible Spirit (IRE),Invincible Spirit (IRE),Wadaa,Wadaa,,,,,,0,,,1901-01-01,"ELiTE, Agent ",,,,Out,,,,0.0,,,,,T,2021,0.0,,Wadaa,Invincible Spirit (IRE),
2024,M,24KEENOVHRA,1,1,2024-11-14,4196,4196,Overacting,Overacting,,,2020-03-24,4,B,F,,BRP,,,,Mendelssohn,Mendelssohn,Mela Dramatically,Mela Dramatically,,,,,,0,,,1901-01-01,"ELiTE, Agent ",,,,Stripes Stable,,,,15000.0,,,,,T,2020,0.0,,Mela Dramatically,Mendelssohn,
2024,M,24KEENOVHRA,1,1,2024-11-14,4197,4197,Pelican Island,Pelican Island,,,2021-04-17,3,B,C,,SRP,,,,Uncle Mo,Uncle Mo,Summer Applause,Summer Applause,,,,,,0,,,1901-01-01,"Highgate Sales, Agent III ",,,,Out,,,,0.0,,,,,T,2021,0.0,,Summer Applause,Uncle Mo,
2024,M,24KEENOVHRA,1,1,2024-11-14,4198,4198,Perfect La Combee,Perfect La Combee,,,2021-04-13,3,B    ,C,,SRP,,,,Bee Jersey,Bee Jersey,Perfect La Comete,Perfect La Comete,,,,,,0,,,1901-01-01,"Hunter Valley Farm, Agent ",,,,Stripes Stable,,,,16000.0,,,,,T,2021,0.0,,Perfect La Comete,Bee Jersey,
2024,M,24KEENOVHRA,1,1,2024-11-14,4199,4199,Playful Lass,Playful Lass,,,2022-04-01,2,DB/BR,F,,BRP,,,,Mitole,Mitole,Choice Play,Choice Play,,,,,,0,,,1901-01-01,"Paramount Sales, Agent for Three Diamonds Farm (Partial Racing Dispersal)",,,,Out,,,,0.0,,,,,T,2022,0.0,,Choice Play,Mitole,
2024,M,24KEENOVHRA,1,1,2024-11-14,4200,4200,Policy Change,Policy Change,,,2022-03-29,2,DB/BR,C,,SRP,,,,Munnings,Munnings,Excited,Excited,,,,,,0,,,1901-01-01,"ELiTE, Agent ",,,,Out,,,,0.0,,,,,T,2022,0.0,,Excited,Munnings,
2024,M,24KEENOVHRA,1,1,2024-11-14,4201,4201,Positive Carry (IRE),Positive Carry (IRE),,,2021-02-26,3,B,F,,BRP,,,,Sea The Moon (GER),Sea The Moon (GER),Volute (FR),Volute (FR),,,,,,0,,,1901-01-01,"Taylor Made Sales Agency, Agent XV ",,,,"R.N.A. (47,000)",,,,47000.0,,,,,T,2021,0.0,,Volute (FR),Sea The Moon (GER),
2024,M,24KEENOVHRA,1,1,2024-11-14,4202,4202,Pourquoi Pas,Pourquoi Pas,,,2020-02-17,4,DB/BR,G,,RP,,,,Hard Spun,Hard Spun,Essentially,Essentially,,,,,,0,,,1901-01-01,"ELiTE, Agent ",,,,Out,,,,0.0,,,,,T,2020,0.0,,Essentially,Hard Spun,
2024,M,24KEENOVHRA,1,1,2024-11-14,4203,4203,Power of Will,Power of Will,,,2022-05-04,2,B,C,,SRP,,,,War of Will,War of Will,Bellezza Rosso,Bellezza Rosso,,,,,,0,,,1901-01-01,"Paramount Sales, Agent V ",,,,Out,,,,0.0,,,,,T,2022,0.0,,Bellezza Rosso,War of Will,
2024,M,24KEENOVHRA,1,1,2024-11-14,4204,4204,Prairie Dunes,Prairie Dunes,,,2020-04-08,4,B,C,,SRP,,,,Curlin,Curlin,Torrent,Torrent,,,,,,0,,,1901-01-01,"Candy Meadows Sales, Agent I ",,,,Out,,,,0.0,,,,,T,2020,0.0,,Torrent,Curlin,
2024,M,24KEENOVHRA,1,1,2024-11-14,4205,4205,Probability,Probability,,,2022-04-18,2,CH,C,,SRP,,,,Improbable,Improbable,Perazzi,Perazzi,,,,,,0,,,1901-01-01,"ELiTE, Agent for WinStar Racing ",,,,Out,,,,0.0,,,,,T,2022,0.0,,Perazzi,Improbable,
2024,M,24KEENOVHRA,1,1,2024-11-14,4206,4206,Prosper,Prosper,,,2020-02-11,4,B,C,,SRP,,,,City of Light,City of Light,Anchorage,Anchorage,,,,,,0,,,1901-01-01,"Lane's End, Agent ",,,,Mahmud F. Mouni,,,,30000.0,,,,,T,2020,0.0,,Anchorage,City of Light,
2024,M,24KEENOVHRA,1,1,2024-11-14,4207,4207,Public Assembly,Public Assembly,,,2021-04-03,3,CH,F,,BRP,,,,More Than Ready,More Than Ready,Enchanting Kitten,Enchanting Kitten,,,,,,0,,,1901-01-01,"ELiTE, Agent ",,,,"C.Conley, Agt for Abbondanza Rcg./TMSA - Medallion",,,,225000.0,,,,,T,2021,0.0,,Enchanting Kitten,More Than Ready,
2024,M,24KEENOVHRA,1,1,2024-11-14,4208,4208,Pure Poetry,Pure Poetry,,,2021-02-20,3,B    ,G,,RP,,,,Quality Road,Quality Road,Dickinson,Dickinson,,,,,,0,,,1901-01-01,Godolphin ,,,,Suliman Bloodstock,,,,40000.0,,,,,T,2021,0.0,,Dickinson,Quality Road,
2024,M,24KEENOVHRA,1,1,2024-11-14,4209,4209,Pursuit of Liberty,Pursuit of Liberty,,,2021-02-15,3,B,F,,BRP,,,,Constitution,Constitution,Media Madness,Media Madness,,,,,,0,,,1901-01-01,"ELiTE, Agent ",,,,Out,,,,0.0,,,,,T,2021,0.0,,Media Madness,Constitution,
2024,M,24KEENOVHRA,1,1,2024-11-14,4210,4210,Autumn Rhythm,Autumn Rhythm,,,2022-04-13,2,B,F,,BRP,,,,Vekoma,Vekoma,Love Blues,Love Blues,,,,,,0,,,1901-01-01,"Four Star Sales, Agent ",,,,Steven C. Judy,,,,140000.0,,,,,T,2022,0.0,,Love Blues,Vekoma,
2024,M,24KEENOVHRA,1,1,2024-11-14,4211,4211,Ennereilly (IRE),Ennereilly (IRE),,,2021-04-11,3,B,F,,BRP,,,,Footstepsinthesand (GB),Footstepsinthesand (GB),Ejadah (IRE),Ejadah (IRE),,,,,,0,,,1901-01-01,"Taylor Made Sales Agency, Agent XVI ",,,,S. Matthew Kintz,,,,7500.0,,,,,T,2021,0.0,,Ejadah (IRE),Footstepsinthesand (GB),
2024,M,24KEENOVHRA,1,1,2024-11-14,4212,4212,Delightful Flame,Delightful Flame,,,2022-03-27,2,CH,F,,BRP,,,,Flameaway,Flameaway,Delightful Mary,Delightful Mary,,,,,,0,,,1901-01-01,"Grovendale Sales, Agent VI ",,,,Alex Nichols Agency,,,,75000.0,,,,,T,2022,0.0,,Delightful Mary,Flameaway,
2024,M,24KEENOVHRA,1,1,2024-11-14,4213,4213,Temecula,Temecula,,,2021-04-22,3,DB/BR,G,,RP,,,,Speightstown,Speightstown,Tap Diva,Tap Diva,,,,,,0,,,1901-01-01,"ELiTE, Agent ",,,,Timothy Shaw and Vickie Shaw,,,,65000.0,,,,,T,2021,0.0,,Tap Diva,Speightstown,
2024,M,24KEENOVHRA,1,1,2024-11-14,4214,4214,Life's Joy,Life's Joy,,,2021-04-03,3,DB/BR,F,,BRP,,,,Mitole,Mitole,Beholden,Beholden,,,,,,0,,,1901-01-01,"Grovendale Sales, Agent VI ",,,,Dixiana Farm,,,,75000.0,,,,,T,2021,0.0,,Beholden,Mitole,
2024,M,24KEENOVHRA,1,1,2024-11-14,4215,4215,Prichard,Prichard,,,2022-01-31,2,DB/BR,G,,RP,,,,Catholic Boy,Catholic Boy,Mass Elite,Mass Elite,,,,,,0,,,1901-01-01,"Mill Ridge Sales, Agent ",,,,Out,,,,0.0,,,,,T,2022,0.0,,Mass Elite,Catholic Boy,
2024,M,24KEENOVHRA,1,1,2024-11-14,4216,4216,Escalation Clause,Escalation Clause,,,2020-04-28,4,B,G,,RP,,,,Awesome Slew,Awesome Slew,Genau,Genau,,,,,,0,,,1901-01-01,"ELiTE, Agent ",,,,"Danny Brown, C. Brenneman & Greg Compton",,,,100000.0,,,,,T,2020,0.0,,Genau,Awesome Slew,
2024,M,24KEENOVHRA,1,1,2024-11-14,4217,4217,Flight to Paris,Flight to Paris,,,2021-03-22,3,B,F,,BRP,,,,City of Light,City of Light,Fly to the Stars,Fly to the Stars,,,,,,0,,,1901-01-01,"Grovendale Sales, Agent VII ",,,,Out,,,,0.0,,,,,T,2021,0.0,,Fly to the Stars,City of Light,
2024,M,24KEENOVHRA,1,1,2024-11-14,4218,4218,Spirit's Mischief,Spirit's Mischief,,,2021-03-13,3,B,G,,RP,,,,Into Mischief,Into Mischief,Stave,Stave,,,,,,0,,,1901-01-01,"Grovendale Sales, Agent VI ",,,,Schuyler Condon,,,,35000.0,,,,,T,2021,0.0,,Stave,Into Mischief,
2024,M,24KEENOVHRA,1,1,2024-11-14,4219,4219,King's Road,King's Road,,,2022-04-04,2,GR/RO,R,,SRP,,,,Quality Road,Quality Road,Daisy Miller (GB),Daisy Miller (GB),,,,,,0,,,1901-01-01,"ELiTE, Agent ",,,,Suliman Bloodstock,,,,70000.0,,,,,T,2022,0.0,,Daisy Miller (GB),Quality Road,
2024,M,24KEENOVHRA,1,1,2024-11-14,4220,4220,Eglise,Eglise,,,2021-04-13,3,B,C,,SRP,,,,Frosted,Frosted,Ahh Chocolate,Ahh Chocolate,,,,,,0,,,1901-01-01,"Highgate Sales, Agent IV ",,,,Flatland Racing,,,,140000.0,,,,,T,2021,0.0,,Ahh Chocolate,Frosted,
2024,M,24KEENOVHRA,1,1,2024-11-14,4221,4221,Hopper,Hopper,,,2019-05-08,5,DB/BR,H,,SRP,,,,Declaration of War,Declaration of War,Irridescence (SAF),Irridescence (SAF),,,,,,0,,,1901-01-01,"Grovendale Sales, Agent II ",,,,Out,,,,0.0,,,,,T,2019,0.0,,Irridescence (SAF),Declaration of War,
2024,M,24KEENOVHRA,1,1,2024-11-14,4222,4222,Just a Coed,Just a Coed,,,2021-02-16,3,DB/BR,F,,BRP,,,,Justify,Justify,Student Body,Student Body,,,,,,0,,,1901-01-01,"Hidden Brook, Agent II ",,,,Out,,,,0.0,,,,,T,2021,0.0,,Student Body,Justify,
2024,M,24KEENOVHRA,1,1,2024-11-14,4223,4223,Tactical Joke,Tactical Joke,,,2020-02-25,4,B,F,,BRP,,,,Practical Joke,Practical Joke,Competition,Competition,,,,,,0,,,1901-01-01,"Taylor Made Sales Agency, Agent XVII ",,,,TJ Bloodstock,,,,170000.0,,,,,T,2020,0.0,,Competition,Practical Joke,
2024,M,24KEENOVHRA,1,1,2024-11-14,4224,4224,Lagynos,Lagynos,,,2021-04-03,3,CH,C,,SRP,,,,Kantharos,Kantharos,Steamy,Steamy,,,,,,0,,,1901-01-01,"Mill Ridge Sales, Agent I ",,,,Out,,,,0.0,,,,,T,2021,0.0,,Steamy,Kantharos,
2024,M,24KEENOVHRA,1,1,2024-11-14,4225,4225,Blake James,Blake James,,,2022-04-27,2,B,C,,SRP,,,,Audible,Audible,Gambiarra,Gambiarra,,,,,,0,,,1901-01-01,"ELiTE, Agent ",,,,Out,,,,0.0,,,,,T,2022,0.0,,Gambiarra,Audible,
2024,M,24KEENOVHRA,1,1,2024-11-14,4226,4226,Brownstone,Brownstone,,,2021-02-16,3,B,C,,SRP,,,,Munnings,Munnings,Colorful Sense,Colorful Sense,,,,,,0,,,1901-01-01,"Taylor Made Sales Agency, Agent XVIII ",,,,Joe Schumer,,,,60000.0,,,,,T,2021,0.0,,Colorful Sense,Munnings,
2024,M,24KEENOVHRA,1,1,2024-11-14,4227,4227,Starry Night,Starry Night,,,2022-02-22,2,B,F,,BRP,,,,Justify,Justify,Shannon Faith,Shannon Faith,,,,,,0,,,1901-01-01,"Grovendale Sales, Agent I ",,,,Out,,,,0.0,,,,,T,2022,0.0,,Shannon Faith,Justify,
2024,M,24KEENOVHRA,1,1,2024-11-14,4228,4228,Fleet Street,Fleet Street,,,2022-04-04,2,B,F,,BRP,,,,Street Boss,Street Boss,Summers Hope,Summers Hope,,,,,,0,,,1901-01-01,Lantern Hill Farm LLC Raised & Raced ,,,,Stripes Stable,,,,45000.0,,,,,T,2022,0.0,,Summers Hope,Street Boss,
2024,M,24KEENOVHRA,1,1,2024-11-14,4229,4229,Determined Kingdom,Determined Kingdom,,,2019-02-10,5,B,G,,RP,,,,Animal Kingdom,Animal Kingdom,Filia,Filia,,,,,,0,,,1901-01-01,"Scott Mallory, Agent XVI ",,,,R. Larry Johnson,,,,190000.0,,,,,T,2019,0.0,,Filia,Animal Kingdom,
2024,M,24KEENOVHRA,1,1,2024-11-14,4230,4230,Dazzling Cruiser,Dazzling Cruiser,,,2021-04-04,3,DB/BR,F,,BRP,,,,Catalina Cruiser,Catalina Cruiser,She Be Striking (GB),She Be Striking (GB),,,,,,0,,,1901-01-01,"ELiTE, Agent ",,,,Atlantic Bloodstock,,,,45000.0,,,,,T,2021,0.0,,She Be Striking (GB),Catalina Cruiser,
2024,M,24KEENOVHRA,1,1,2024-11-14,4231,4231,Tripolina,Tripolina,,,2021-01-18,3,B,F,,BRP,,,,Constitution,Constitution,Ballykiss,Ballykiss,,,,,,0,,,1901-01-01,"Grovendale Sales, Agent I ",,,,Flatland Racing,,,,245000.0,,,,,T,2021,0.0,,Ballykiss,Constitution,
2024,M,24KEENOVHRA,1,1,2024-11-14,4232,4232,Luz Divina,Luz Divina,,,2021-04-22,3,DB/BR,F,,BRP,,,,Palace Malice,Palace Malice,Divina Luz (BRZ),Divina Luz (BRZ),,,,,,0,,,1901-01-01,"Taylor Made Sales Agency, Agent XIX ",,,,Stud TNT,,,,25000.0,,,,,T,2021,0.0,,Divina Luz (BRZ),Palace Malice,
2024,M,24KEENOVHRA,1,1,2024-11-14,4233,4233,Whappen,Whappen,,,2021-03-21,3,CH,F,,BRP,,,,English Channel,English Channel,Bonbourbon,Bonbourbon,,,,,,0,,,1901-01-01,"Grovendale Sales, Agent I ",,,,Lanni Bloodstock,,,,40000.0,,,,,T,2021,0.0,,Bonbourbon,English Channel,
2024,M,24KEENOVHRA,1,1,2024-11-14,4234,4234,Enchant,Enchant,,,2021-02-02,3,GR/RO,F,,BRP,,,,English Channel,English Channel,Coachwhip,Coachwhip,,,,,,0,,,1901-01-01,"Grovendale Sales, Agent I ",,,,Laura Barrish,,,,85000.0,,,,,T,2021,0.0,,Coachwhip,English Channel,
2024,M,24KEENOVHRA,1,1,2024-11-14,4235,4235,Sbagliato,Sbagliato,,,2020-03-22,4,B,G,,RP,,,,Quality Road,Quality Road,Cover Song,Cover Song,,,,,,0,,,1901-01-01,"ELiTE, Agent ",,,,Out,,,,0.0,,,,,T,2020,0.0,,Cover Song,Quality Road,
2024,M,24KEENOVHRA,1,1,2024-11-14,4236,4236,Rosato,Rosato,,,2022-05-06,2,GR/RO,F,,BRP,,,,Gift Box,Gift Box,Pinot,Pinot,,,,,,0,,,1901-01-01,"Hunter Valley Farm, Agent ",,,,"McMahon & Hill Bldstk LLC, Agent /W.T. Armstrong",,,,210000.0,,,,,T,2022,0.0,,Pinot,Gift Box,
